ID,Name,Rectangle,Image
ad-1-2/1/6,大,"rect:x=1802,y=1529,w=92,h=128",ad-1-2
ad-1-2/1/14,入,"rect:x=1630,y=770,w=87,h=108",ad-1-2
ad-1-2/2/12,之,"rect:x=730,y=353,w=87,h=65",ad-1-2
ad-1-2/2/16,之,"rect:x=730,y=971,w=116,h=92",ad-1-2
ad-1-2/2/28,而,"rect:x=569,y=917,w=98,h=138",ad-1-2
ad-1-2/1/2,莊,"rect:x=1790,y=715,w=104,h=144",ad-1-2
ad-1-2/1/17,昔,"rect:x=1624,y=1397,w=107,h=104",ad-1-2
ad-1-2/1/19,室,"rect:x=1619,y=1704,w=113,h=151",ad-1-2
ad-1-2/1/35,澤,"rect:x=1273,y=340,w=103,h=158",ad-1-2
ad-1-2/1/32,非,"rect:x=1435,y=2001,w=111,h=118",ad-1-2
ad-1-2/1/33,山,"rect:x=1438,y=2199,w=100,h=146",ad-1-2
ad-1-2/1/24,東,"rect:x=1440,y=373,w=106,h=137",ad-1-2
ad-1-2/1/27,百,"rect:x=1435,y=945,w=105,h=154",ad-1-2
ad-1-2/1/26,七,"rect:x=1443,y=794,w=95,h=113",ad-1-2
ad-1-2/1/38,不,"rect:x=1262,y=931,w=106,h=160",ad-1-2
ad-1-2/2/7,愈,"rect:x=907,y=1938,w=115,h=134",ad-1-2
ad-1-2/2/9,君,"rect:x=924,y=2295,w=89,h=107",ad-1-2
ad-1-2/2/15,堯,"rect:x=730,y=792,w=102,h=119",ad-1-2
ad-1-2/2/21,於,"rect:x=726,y=2145,w=122,h=100",ad-1-2
ad-1-2/2/37,美,"rect:x=382,y=354,w=115,h=121",ad-1-2
ad-1-2/1/11,矣,"rect:x=1798,y=2573,w=116,h=119",ad-1-2
ad-1-2/1/10,成,"rect:x=1802,y=2380,w=100,h=162",ad-1-2
ad-1-2/1/5,為,"rect:x=1794,y=1330,w=110,h=130",ad-1-2
ad-1-2/1/12,曹,"rect:x=1628,y=338,w=99,h=134",ad-1-2
ad-1-2/1/18,周,"rect:x=1622,y=1552,w=121,h=121",ad-1-2
ad-1-2/1/22,魯,"rect:x=1611,y=2303,w=132,h=154",ad-1-2
ad-1-2/1/25,西,"rect:x=1438,y=591,w=105,h=122",ad-1-2
ad-1-2/1/8,型,"rect:x=1792,y=1960,w=112,h=136",ad-1-2
ad-1-2/1/34,非,"rect:x=1435,y=2418,w=100,h=127",ad-1-2
ad-1-2/2/1,今,"rect:x=920,y=729,w=104,h=113",ad-1-2
ad-1-2/2/3,彌,"rect:x=923,y=1120,w=92,h=151",ad-1-2
ad-1-2/2/17,饗,"rect:x=728,y=1182,w=110,h=124",ad-1-2
ad-1-2/2/27,鉶,"rect:x=571,y=715,w=96,h=131",ad-1-2
ad-1-2/2/34,不,"rect:x=572,y=2192,w=99,h=154",ad-1-2
ad-1-2/2/29,撫,"rect:x=574,y=1098,w=99,h=104",ad-1-2
ad-1-2/1/3,公,"rect:x=1790,y=920,w=126,h=120",ad-1-2
ad-1-2/1/28,南,"rect:x=1435,y=1191,w=113,h=140",ad-1-2
ad-1-2/1/36,無,"rect:x=1273,y=549,w=100,h=133",ad-1-2
ad-1-2/2/11,圖,"rect:x=920,y=2673,w=90,h=193",ad-1-2
ad-1-2/2/6,鍾,"rect:x=920,y=1740,w=96,h=114",ad-1-2
ad-1-2/2/2,封,"rect:x=923,y=921,w=97,h=122",ad-1-2
ad-1-2/1/21,封,"rect:x=1621,y=2103,w=111,h=122",ad-1-2
ad-1-2/2/5,而,"rect:x=911,y=1496,w=110,h=112",ad-1-2
ad-1-2/2/18,舜,"rect:x=736,y=1390,w=106,h=133",ad-1-2
ad-1-2/2/26,土,"rect:x=563,y=524,w=110,h=97",ad-1-2
ad-1-2/2/25,於,"rect:x=567,y=343,w=98,h=95",ad-1-2
ad-1-2/2/19,也,"rect:x=746,y=1585,w=92,h=130",ad-1-2
ad-1-2/2/23,簋,"rect:x=732,y=2510,w=129,h=112",ad-1-2
ad-1-2/2/24,欼,"rect:x=744,y=2718,w=102,h=123",ad-1-2
ad-1-2/2/32,下,"rect:x=572,y=1781,w=104,h=123",ad-1-2
ad-1-2/2/33,此,"rect:x=572,y=2023,w=101,h=104",ad-1-2
ad-1-2/2/35,貧,"rect:x=569,y=2442,w=111,h=162",ad-1-2
ad-1-2/1/1,魯,"rect:x=1797,y=455,w=99,h=179",ad-1-2
ad-1-2/1/4,將,"rect:x=1790,y=1119,w=112,h=128",ad-1-2
ad-1-2/1/16,曰,"rect:x=1614,y=1182,w=121,h=114",ad-1-2
ad-1-2/1/15,見,"rect:x=1626,y=947,w=89,h=156",ad-1-2
ad-1-2/1/13,沫,"rect:x=1620,y=563,w=113,h=136",ad-1-2
ad-1-2/1/20,之,"rect:x=1629,y=1906,w=95,h=141",ad-1-2
ad-1-2/1/31,百,"rect:x=1438,y=1785,w=108,h=132",ad-1-2
ad-1-2/1/23,也,"rect:x=1611,y=2549,w=129,h=135",ad-1-2
ad-1-2/1/29,北,"rect:x=1435,y=1401,w=111,h=143",ad-1-2
ad-1-2/1/30,五,"rect:x=1435,y=1590,w=116,h=135",ad-1-2
ad-1-2/1/37,有,"rect:x=1273,y=752,w=103,h=141",ad-1-2
ad-1-2/2/8,大,"rect:x=919,y=2147,w=97,h=95",ad-1-2
ad-1-2/2/10,其,"rect:x=922,y=2469,w=92,h=104",ad-1-2
ad-1-2/2/14,昔,"rect:x=723,y=551,w=115,h=106",ad-1-2
ad-1-2/2/4,小,"rect:x=909,y=1324,w=126,h=141",ad-1-2
ad-1-2/2/20,飯,"rect:x=738,y=1923,w=106,h=139",ad-1-2
ad-1-2/2/22,土,"rect:x=736,y=2341,w=119,h=86",ad-1-2
ad-1-2/2/13,也,"rect:x=767,y=419,w=72,h=69",ad-1-2
ad-1-2/2/31,天,"rect:x=576,y=1550,w=106,h=129",ad-1-2
ad-1-2/2/30,有,"rect:x=571,y=1358,w=109,h=105",ad-1-2
ad-1-2/2/36,於,"rect:x=571,y=2680,w=98,h=139",ad-1-2
ad-1-2/1/7,既,"rect:x=1800,y=1716,w=94,h=140",ad-1-2
ad-3-6/3/19,而,"rect:x=1578,y=1569,w=104,h=143",ad-3-6
ad-3-6/3/30,可,"rect:x=1414,y=1520,w=100,h=159",ad-3-6
ad-3-6/3/28,必,"rect:x=1417,y=1015,w=99,h=128",ad-3-6
ad-3-6/3/26,保,"rect:x=1414,y=586,w=100,h=131",ad-3-6
ad-3-6/3/27,疆,"rect:x=1414,y=824,w=100,h=132",ad-3-6
ad-3-6/6/19,聞,"rect:x=517,y=2505,w=110,h=152",ad-3-6
ad-3-6/6/13,言,"rect:x=514,y=1157,w=113,h=163",ad-3-6
ad-3-6/6/14,也,"rect:x=522,y=1369,w=114,h=147",ad-3-6
ad-3-6/6/17,盡,"rect:x=509,y=2024,w=127,h=216",ad-3-6
ad-3-6/3/10,戒,"rect:x=1763,y=2337,w=108,h=154",ad-3-6
ad-3-6/3/17,不,"rect:x=1574,y=1181,w=107,h=135",ad-3-6
ad-3-6/3/23,康,"rect:x=1576,y=2475,w=103,h=175",ad-3-6
ad-3-6/6/8,以,"rect:x=696,y=2768,w=111,h=149",ad-3-6
ad-3-6/6/9,異,"rect:x=517,y=319,w=108,h=196",ad-3-6
ad-3-6/3/13,願,"rect:x=1576,y=336,w=112,h=109",ad-3-6
ad-3-6/3/21,興,"rect:x=1578,y=2012,w=103,h=160",ad-3-6
ad-3-6/3/20,或,"rect:x=1577,y=1768,w=102,h=117",ad-3-6
ad-3-6/3/4,德,"rect:x=1754,y=1094,w=115,h=151",ad-3-6
ad-3-6/3/3,於,"rect:x=1757,y=907,w=98,h=108",ad-3-6
ad-3-6/3/9,有,"rect:x=1755,y=2131,w=106,h=113",ad-3-6
ad-3-6/3/18,願,"rect:x=1579,y=1382,w=105,h=122",ad-3-6
ad-3-6/3/34,邦,"rect:x=1406,y=2347,w=103,h=166",ad-3-6
ad-3-6/3/7,周,"rect:x=1752,y=1748,w=108,h=151",ad-3-6
ad-3-6/3/16,功,"rect:x=1573,y=935,w=103,h=135",ad-3-6
ad-3-6/6/12,之,"rect:x=520,y=966,w=107,h=144",ad-3-6
ad-3-6/6/10,於,"rect:x=522,y=565,w=111,h=172",ad-3-6
ad-3-6/6/22,君,"rect:x=332,y=488,w=113,h=155",ad-3-6
ad-3-6/3/25,凶,"rect:x=1407,y=330,w=99,h=157",ad-3-6
ad-3-6/3/22,或,"rect:x=1579,y=2273,w=97,h=132",ad-3-6
ad-3-6/6/20,之,"rect:x=522,y=2685,w=111,h=116",ad-3-6
ad-3-6/3/12,曰,"rect:x=1762,y=2765,w=108,h=117",ad-3-6
ad-3-6/3/11,言,"rect:x=1763,y=2572,w=110,h=138",ad-3-6
ad-3-6/3/14,而,"rect:x=1574,y=524,w=101,h=115",ad-3-6
ad-3-6/3/24,以,"rect:x=1579,y=2733,w=101,h=119",ad-3-6
ad-3-6/3/35,周,"rect:x=1409,y=2599,w=101,h=140",ad-3-6
ad-3-6/3/29,勝,"rect:x=1415,y=1265,w=100,h=200",ad-3-6
ad-3-6/3/33,治,"rect:x=1407,y=2131,w=107,h=150",ad-3-6
ad-3-6/6/11,臣,"rect:x=517,y=775,w=108,h=147",ad-3-6
ad-3-6/6/18,臣,"rect:x=517,y=2270,w=108,h=186",ad-3-6
ad-3-6/6/1,今,"rect:x=685,y=971,w=119,h=130",ad-3-6
ad-3-6/6/2,異,"rect:x=677,y=1143,w=124,h=163",ad-3-6
ad-3-6/3/1,而,"rect:x=1770,y=474,w=97,h=114",ad-3-6
ad-3-6/3/8,室,"rect:x=1754,y=1952,w=106,h=142",ad-3-6
ad-3-6/3/5,歟,"rect:x=1753,y=1338,w=102,h=149",ad-3-6
ad-3-6/3/2,富,"rect:x=1764,y=686,w=105,h=159",ad-3-6
ad-3-6/3/15,正,"rect:x=1572,y=722,w=102,h=135",ad-3-6
ad-3-6/3/31,以,"rect:x=1413,y=1738,w=104,h=128",ad-3-6
ad-3-6/3/32,有,"rect:x=1413,y=1899,w=100,h=140",ad-3-6
ad-3-6/3/6,昔,"rect:x=1757,y=1538,w=105,h=131",ad-3-6
ad-3-6/6/6,曰,"rect:x=702,y=2406,w=99,h=138",ad-3-6
ad-3-6/6/15,君,"rect:x=514,y=1568,w=113,h=166",ad-3-6
ad-3-6/6/16,弗,"rect:x=514,y=1792,w=113,h=177",ad-3-6
ad-3-6/6/21,曰,"rect:x=334,y=308,w=111,h=147",ad-3-6
ad-3-6/6/7,無,"rect:x=691,y=2569,w=116,h=155",ad-3-6
ad-3-6/6/4,曹,"rect:x=699,y=1944,w=97,h=163",ad-3-6
ad-3-6/3/36,志,"rect:x=1228,y=331,w=104,h=196",ad-3-6
ad-3-6/6/3,於,"rect:x=688,y=1386,w=111,h=135",ad-3-6
ad-7-8/7/3,賢,"rect:x=1787,y=755,w=99,h=118",ad-7-8
ad-7-8/7/2,以,"rect:x=1792,y=634,w=95,h=86",ad-7-8
ad-7-8/7/22,不,"rect:x=1613,y=1658,w=96,h=116",ad-7-8
ad-7-8/7/23,然,"rect:x=1610,y=1827,w=100,h=129",ad-7-8
ad-7-8/7/20,天,"rect:x=1607,y=1286,w=99,h=135",ad-7-8
ad-7-8/7/17,就,"rect:x=1607,y=689,w=99,h=162",ad-7-8
ad-7-8/7/32,以,"rect:x=1433,y=1093,w=106,h=105",ad-7-8
ad-7-8/8/7,命,"rect:x=896,y=1544,w=104,h=138",ad-7-8
ad-7-8/8/12,聽,"rect:x=898,y=2527,w=114,h=143",ad-7-8
ad-7-8/8/23,居,"rect:x=735,y=2086,w=92,h=140",ad-7-8
ad-7-8/8/39,也,"rect:x=392,y=309,w=97,h=172",ad-7-8
ad-7-8/8/2,吾,"rect:x=903,y=665,w=114,h=135",ad-7-8
ad-7-8/8/40,還,"rect:x=390,y=526,w=94,h=186",ad-7-8
ad-7-8/8/24,不,"rect:x=740,y=2248,w=89,h=128",ad-7-8
ad-7-8/8/18,不,"rect:x=735,y=1140,w=97,h=162",ad-7-8
ad-7-8/8/1,哉,"rect:x=903,y=484,w=109,h=128",ad-7-8
ad-7-8/8/3,聞,"rect:x=903,y=849,w=106,h=147",ad-7-8
ad-7-8/8/13,邦,"rect:x=906,y=2715,w=101,h=167",ad-7-8
ad-7-8/8/26,文,"rect:x=561,y=331,w=99,h=164",ad-7-8
ad-7-8/8/20,不,"rect:x=733,y=1543,w=104,h=150",ad-7-8
ad-7-8/8/36,亡,"rect:x=561,y=2342,w=104,h=92",ad-7-8
ad-7-8/8/38,私,"rect:x=552,y=2606,w=113,h=82",ad-7-8
ad-7-8/7/8,天,"rect:x=1777,y=1631,w=95,h=114",ad-7-8
ad-7-8/7/16,身,"rect:x=1613,y=517,w=94,h=129",ad-7-8
ad-7-8/7/38,弗,"rect:x=1426,y=2304,w=94,h=141",ad-7-8
ad-7-8/8/37,有,"rect:x=564,y=2458,w=87,h=126",ad-7-8
ad-7-8/8/19,酒,"rect:x=735,y=1352,w=94,h=152",ad-7-8
ad-7-8/7/42,曰,"rect:x=1255,y=636,w=105,h=105",ad-7-8
ad-7-8/8/10,型,"rect:x=901,y=2177,w=101,h=142",ad-7-8
ad-7-8/7/43,顯,"rect:x=1255,y=860,w=106,h=139",ad-7-8
ad-7-8/8/8,毀,"rect:x=901,y=1725,w=101,h=155",ad-7-8
ad-7-8/8/17,寢,"rect:x=735,y=913,w=102,h=171",ad-7-8
ad-7-8/8/22,樂,"rect:x=743,y=1896,w=84,h=149",ad-7-8
ad-7-8/8/31,兼,"rect:x=566,y=1277,w=97,h=167",ad-7-8
ad-7-8/7/7,之,"rect:x=1777,y=1494,w=100,h=105",ad-7-8
ad-7-8/7/37,有,"rect:x=1430,y=2109,w=93,h=160",ad-7-8
ad-7-8/7/34,道,"rect:x=1432,y=1482,w=100,h=145",ad-7-8
ad-7-8/7/35,稱,"rect:x=1438,y=1697,w=90,h=166",ad-7-8
ad-7-8/7/5,而,"rect:x=1780,y=1112,w=100,h=147",ad-7-8
ad-7-8/7/18,世,"rect:x=1607,y=918,w=103,h=145",ad-7-8
ad-7-8/7/21,命,"rect:x=1610,y=1470,w=97,h=136",ad-7-8
ad-7-8/7/15,沒,"rect:x=1611,y=339,w=102,h=133",ad-7-8
ad-7-8/7/12,道,"rect:x=1775,y=2299,w=97,h=145",ad-7-8
ad-7-8/7/25,以,"rect:x=1613,y=2227,w=99,h=99",ad-7-8
ad-7-8/7/27,稱,"rect:x=1614,y=2547,w=90,h=163",ad-7-8
ad-7-8/7/26,賢,"rect:x=1608,y=2363,w=105,h=120",ad-7-8
ad-7-8/7/31,得,"rect:x=1432,y=909,w=106,h=146",ad-7-8
ad-7-8/7/40,莊,"rect:x=1261,y=313,w=94,h=154",ad-7-8
ad-7-8/7/30,弗,"rect:x=1430,y=752,w=102,h=124",ad-7-8
ad-7-8/7/29,有,"rect:x=1429,y=562,w=103,h=136",ad-7-8
ad-7-8/7/6,失,"rect:x=1777,y=1302,w=97,h=144",ad-7-8
ad-7-8/7/33,無,"rect:x=1432,y=1245,w=103,h=149",ad-7-8
ad-7-8/7/39,失,"rect:x=1423,y=2479,w=93,h=138",ad-7-8
ad-7-8/8/9,鍾,"rect:x=898,y=1935,w=114,h=182",ad-7-8
ad-7-8/8/4,此,"rect:x=903,y=1047,w=97,h=130",ad-7-8
ad-7-8/8/5,言,"rect:x=901,y=1204,w=108,h=145",ad-7-8
ad-7-8/8/11,而,"rect:x=898,y=2348,w=102,h=140",ad-7-8
ad-7-8/8/27,食,"rect:x=564,y=538,w=87,h=138",ad-7-8
ad-7-8/8/14,政,"rect:x=738,y=336,w=91,h=137",ad-7-8
ad-7-8/8/33,萬,"rect:x=559,y=1702,w=111,h=165",ad-7-8
ad-7-8/8/29,貳,"rect:x=566,y=860,w=97,h=132",ad-7-8
ad-7-8/8/41,年,"rect:x=385,y=734,w=97,h=184",ad-7-8
ad-7-8/7/36,曷,"rect:x=1427,y=1916,w=96,h=139",ad-7-8
ad-7-8/8/28,不,"rect:x=566,y=705,w=97,h=126",ad-7-8
ad-7-8/7/24,君,"rect:x=1614,y=2020,w=96,h=158",ad-7-8
ad-7-8/7/4,稱,"rect:x=1786,y=913,w=94,h=147",ad-7-8
ad-7-8/7/14,而,"rect:x=1775,y=2698,w=97,h=141",ad-7-8
ad-7-8/7/13,稱,"rect:x=1775,y=2496,w=94,h=154",ad-7-8
ad-7-8/7/19,亦,"rect:x=1611,y=1139,w=96,h=123",ad-7-8
ad-7-8/7/28,曷,"rect:x=1427,y=351,w=98,h=157",ad-7-8
ad-7-8/7/42,曰,"rect:x=1255,y=636,w=105,h=105",ad-7-8
ad-7-8/7/9,命,"rect:x=1775,y=1787,w=97,h=136",ad-7-8
ad-7-8/7/11,無,"rect:x=1777,y=2125,w=104,h=139",ad-7-8
ad-7-8/8/6,乃,"rect:x=893,y=1373,w=107,h=137",ad-7-8
ad-7-8/8/16,晝,"rect:x=733,y=686,w=104,h=164",ad-7-8
ad-7-8/8/21,聽,"rect:x=733,y=1714,w=101,h=148",ad-7-8
ad-7-8/8/25,褻,"rect:x=738,y=2417,w=91,h=186",ad-7-8
ad-7-8/8/15,不,"rect:x=735,y=514,w=94,h=133",ad-7-8
ad-7-8/8/35,而,"rect:x=559,y=2149,w=94,h=162",ad-7-8
ad-7-8/7/1,子,"rect:x=1796,y=465,w=91,h=116",ad-7-8
ad-7-8/7/10,以,"rect:x=1774,y=1985,w=100,h=100",ad-7-8
ad-7-8/8/30,胾,"rect:x=564,y=1060,w=99,h=176",ad-7-8
ad-9-10/9/7,吾,"rect:x=1737,y=1512,w=102,h=149",ad-9-10
ad-9-10/9/8,欲,"rect:x=1738,y=1732,w=109,h=187",ad-9-10
ad-9-10/9/18,城,"rect:x=1557,y=1447,w=108,h=144",ad-9-10
ad-9-10/10/14,臣,"rect:x=677,y=289,w=118,h=138",ad-9-10
ad-9-10/10/19,邦,"rect:x=671,y=1194,w=124,h=168",ad-9-10
ad-9-10/10/9,克,"rect:x=852,y=1801,w=118,h=166",ad-9-10
ad-9-10/10/8,以,"rect:x=854,y=1642,w=109,h=124",ad-9-10
ad-9-10/10/28,地,"rect:x=501,y=272,w=99,h=140",ad-9-10
ad-9-10/10/23,之,"rect:x=671,y=1937,w=127,h=77",ad-9-10
ad-9-10/10/18,小,"rect:x=675,y=1019,w=120,h=127",ad-9-10
ad-9-10/10/5,盡,"rect:x=852,y=1082,w=107,h=155",ad-9-10
ad-9-10/10/6,存,"rect:x=851,y=1269,w=106,h=147",ad-9-10
ad-9-10/10/4,陳,"rect:x=851,y=882,w=108,h=133",ad-9-10
ad-9-10/10/2,代,"rect:x=849,y=567,w=114,h=119",ad-9-10
ad-9-10/10/16,聞,"rect:x=675,y=656,w=129,h=153",ad-9-10
ad-9-10/10/11,以,"rect:x=852,y=2229,w=111,h=140",ad-9-10
ad-9-10/10/17,之,"rect:x=684,y=849,w=118,h=112",ad-9-10
ad-9-10/10/25,敵,"rect:x=677,y=2245,w=116,h=174",ad-9-10
ad-9-10/9/14,奚,"rect:x=1568,y=526,w=109,h=167",ad-9-10
ad-9-10/9/9,與,"rect:x=1737,y=1935,w=115,h=137",ad-9-10
ad-9-10/9/20,如,"rect:x=1559,y=1897,w=103,h=128",ad-9-10
ad-9-10/9/17,邊,"rect:x=1560,y=1209,w=110,h=179",ad-9-10
ad-9-10/9/6,曰,"rect:x=1735,y=1381,w=105,h=86",ad-9-10
ad-9-10/9/12,問,"rect:x=1744,y=2618,w=99,h=128",ad-9-10
ad-9-10/9/4,曹,"rect:x=1735,y=939,w=104,h=137",ad-9-10
ad-9-10/9/15,如,"rect:x=1567,y=759,w=107,h=118",ad-9-10
ad-9-10/10/21,大,"rect:x=673,y=1616,w=114,h=140",ad-9-10
ad-9-10/10/22,邦,"rect:x=671,y=1801,w=114,h=129",ad-9-10
ad-9-10/9/24,曰,"rect:x=1381,y=297,w=113,h=112",ad-9-10
ad-9-10/9/21,曹,"rect:x=1560,y=2087,w=104,h=166",ad-9-10
ad-9-10/9/2,問,"rect:x=1736,y=594,w=107,h=156",ad-9-10
ad-9-10/9/11,戰,"rect:x=1742,y=2394,w=109,h=162",ad-9-10
ad-9-10/9/19,奚,"rect:x=1558,y=1661,w=105,h=182",ad-9-10
ad-9-10/9/10,齊,"rect:x=1738,y=2125,w=110,h=156",ad-9-10
ad-9-10/9/23,答,"rect:x=1555,y=2549,w=112,h=135",ad-9-10
ad-9-10/10/26,邦,"rect:x=673,y=2451,w=110,h=129",ad-9-10
ad-9-10/10/13,且,"rect:x=847,y=2550,w=125,h=188",ad-9-10
ad-9-10/10/12,亡,"rect:x=849,y=2412,w=127,h=108",ad-9-10
ad-9-10/9/1,而,"rect:x=1728,y=409,w=120,h=137",ad-9-10
ad-9-10/10/7,或,"rect:x=849,y=1448,w=119,h=135",ad-9-10
ad-9-10/10/3,之,"rect:x=847,y=718,w=112,h=97",ad-9-10
ad-9-10/10/20,居,"rect:x=675,y=1415,w=121,h=145",ad-9-10
ad-9-10/10/29,不,"rect:x=498,y=440,w=104,h=130",ad-9-10
ad-9-10/10/27,交,"rect:x=668,y=2615,w=113,h=123",ad-9-10
ad-9-10/10/15,之,"rect:x=683,y=483,w=110,h=110",ad-9-10
ad-9-10/9/3,於,"rect:x=1739,y=795,w=103,h=110",ad-9-10
ad-9-10/9/16,守,"rect:x=1563,y=977,w=110,h=174",ad-9-10
ad-9-10/9/13,陳,"rect:x=1560,y=293,w=117,h=133",ad-9-10
ad-9-10/10/1,三,"rect:x=849,y=429,w=112,h=108",ad-9-10
ad-9-10/10/30,可,"rect:x=498,y=597,w=104,h=156",ad-9-10
ad-9-10/10/10,或,"rect:x=847,y=2038,w=127,h=137",ad-9-10
ad-11-12/12/27,教,"rect:x=528,y=1758,w=99,h=183",ad-11-12
ad-11-12/11/11,女,"rect:x=1743,y=2341,w=102,h=120",ad-11-12
ad-11-12/11/13,事,"rect:x=1745,y=2634,w=97,h=194",ad-11-12
ad-11-12/11/31,戰,"rect:x=1401,y=1167,w=100,h=158",ad-11-12
ad-11-12/11/34,戰,"rect:x=1395,y=1741,w=106,h=172",ad-11-12
ad-11-12/11/29,必,"rect:x=1395,y=768,w=110,h=133",ad-11-12
ad-11-12/11/40,且,"rect:x=1224,y=335,w=100,h=177",ad-11-12
ad-11-12/12/13,和,"rect:x=704,y=1663,w=93,h=124",ad-11-12
ad-11-12/12/4,和,"rect:x=878,y=2616,w=102,h=128",ad-11-12
ad-11-12/12/8,可,"rect:x=711,y=834,w=95,h=131",ad-11-12
ad-11-12/12/5,於,"rect:x=698,y=296,w=99,h=119",ad-11-12
ad-11-12/12/25,者,"rect:x=523,y=1365,w=111,h=130",ad-11-12
ad-11-12/12/32,不,"rect:x=521,y=2674,w=101,h=123",ad-11-12
ad-11-12/12/31,必,"rect:x=519,y=2504,w=104,h=148",ad-11-12
ad-11-12/12/33,已,"rect:x=351,y=299,w=101,h=232",ad-11-12
ad-11-12/12/1,出,"rect:x=874,y=2019,w=106,h=139",ad-11-12
ad-11-12/12/28,之,"rect:x=530,y=1976,w=92,h=107",ad-11-12
ad-11-12/12/29,末,"rect:x=523,y=2133,w=106,h=194",ad-11-12
ad-11-12/11/38,長,"rect:x=1392,y=2357,w=104,h=146",ad-11-12
ad-11-12/11/32,心,"rect:x=1399,y=1392,w=106,h=133",ad-11-12
ad-11-12/11/35,所,"rect:x=1395,y=1965,w=108,h=136",ad-11-12
ad-11-12/11/10,子,"rect:x=1740,y=2191,w=105,h=114",ad-11-12
ad-11-12/11/9,資,"rect:x=1745,y=2018,w=102,h=140",ad-11-12
ad-11-12/11/17,所,"rect:x=1570,y=909,w=104,h=142",ad-11-12
ad-11-12/11/7,愛,"rect:x=1743,y=1621,w=108,h=119",ad-11-12
ad-11-12/11/3,以,"rect:x=1745,y=845,w=104,h=112",ad-11-12
ad-11-12/12/24,陳,"rect:x=528,y=1182,w=105,h=146",ad-11-12
ad-11-12/12/14,於,"rect:x=709,y=1831,w=92,h=130",ad-11-12
ad-11-12/12/20,戰,"rect:x=534,y=363,w=97,h=163",ad-11-12
ad-11-12/11/12,以,"rect:x=1741,y=2505,w=106,h=102",ad-11-12
ad-11-12/11/8,貨,"rect:x=1749,y=1810,w=100,h=179",ad-11-12
ad-11-12/11/18,以,"rect:x=1562,y=1109,w=104,h=114",ad-11-12
ad-11-12/11/27,利,"rect:x=1397,y=347,w=104,h=140",ad-11-12
ad-11-12/11/39,也,"rect:x=1390,y=2551,w=104,h=127",ad-11-12
ad-11-12/11/14,其,"rect:x=1568,y=318,w=96,h=121",ad-11-12
ad-11-12/11/20,內,"rect:x=1560,y=1450,w=106,h=133",ad-11-12
ad-11-12/12/15,陳,"rect:x=708,y=2023,w=97,h=126",ad-11-12
ad-11-12/12/17,可,"rect:x=715,y=2356,w=97,h=137",ad-11-12
ad-11-12/12/16,不,"rect:x=713,y=2200,w=92,h=121",ad-11-12
ad-11-12/12/30,君,"rect:x=527,y=2360,w=95,h=122",ad-11-12
ad-11-12/12/21,是,"rect:x=534,y=579,w=104,h=161",ad-11-12
ad-11-12/12/34,則,"rect:x=349,y=573,w=97,h=189",ad-11-12
ad-11-12/12/12,不,"rect:x=697,y=1506,w=100,h=113",ad-11-12
ad-11-12/12/23,夫,"rect:x=530,y=994,w=101,h=141",ad-11-12
ad-11-12/11/2,所,"rect:x=1745,y=655,w=110,h=134",ad-11-12
ad-11-12/11/21,城,"rect:x=1564,y=1606,w=100,h=133",ad-11-12
ad-11-12/11/6,毋,"rect:x=1753,y=1432,w=98,h=141",ad-11-12
ad-11-12/11/28,兵,"rect:x=1395,y=541,w=110,h=185",ad-11-12
ad-11-12/11/33,以,"rect:x=1397,y=1570,w=106,h=118",ad-11-12
ad-11-12/11/30,有,"rect:x=1399,y=940,w=104,h=138",ad-11-12
ad-11-12/11/23,必,"rect:x=1564,y=2014,w=104,h=142",ad-11-12
ad-11-12/11/37,為,"rect:x=1391,y=2186,w=119,h=131",ad-11-12
ad-11-12/11/4,拒,"rect:x=1747,y=1007,w=102,h=152",ad-11-12
ad-11-12/12/3,不,"rect:x=878,y=2434,w=97,h=122",ad-11-12
ad-11-12/12/11,陳,"rect:x=698,y=1296,w=99,h=145",ad-11-12
ad-11-12/11/15,便,"rect:x=1572,y=499,w=98,h=169",ad-11-12
ad-11-12/11/42,之,"rect:x=1224,y=735,w=98,h=129",ad-11-12
ad-11-12/11/1,焉,"rect:x=1747,y=456,w=112,h=158",ad-11-12
ad-11-12/11/5,邊,"rect:x=1743,y=1223,w=106,h=159",ad-11-12
ad-11-12/11/19,拒,"rect:x=1566,y=1271,w=96,h=121",ad-11-12
ad-11-12/11/22,郭,"rect:x=1560,y=1781,w=106,h=167",ad-11-12
ad-11-12/11/24,修,"rect:x=1572,y=2203,w=94,h=132",ad-11-12
ad-11-12/11/36,以,"rect:x=1399,y=2109,w=98,h=83",ad-11-12
ad-11-12/11/25,繕,"rect:x=1568,y=2382,w=102,h=208",ad-11-12
ad-11-12/11/26,甲,"rect:x=1566,y=2638,w=104,h=161",ad-11-12
ad-11-12/11/41,臣,"rect:x=1220,y=560,w=102,h=135",ad-11-12
ad-11-12/12/2,舍,"rect:x=874,y=2200,w=101,h=192",ad-11-12
ad-11-12/12/7,不,"rect:x=708,y=680,w=100,h=130",ad-11-12
ad-11-12/12/10,出,"rect:x=697,y=1145,w=102,h=106",ad-11-12
ad-11-12/12/26,三,"rect:x=525,y=1575,w=106,h=134",ad-11-12
ad-11-12/12/6,舍,"rect:x=702,y=468,w=104,h=161",ad-11-12
ad-11-12/12/19,出,"rect:x=717,y=2700,w=95,h=106",ad-11-12
ad-13-14/13/5,莊,"rect:x=1736,y=1269,w=105,h=163",ad-13-14
ad-13-14/14/2,臣,"rect:x=823,y=723,w=116,h=148",ad-13-14
ad-13-14/14/22,父,"rect:x=651,y=2157,w=109,h=124",ad-13-14
ad-13-14/14/24,此,"rect:x=657,y=2546,w=109,h=124",ad-13-14
ad-13-14/13/28,而,"rect:x=1373,y=928,w=106,h=139",ad-13-14
ad-13-14/13/25,利,"rect:x=1369,y=319,w=105,h=150",ad-13-14
ad-13-14/13/16,答,"rect:x=1544,y=988,w=119,h=171",ad-13-14
ad-13-14/13/9,和,"rect:x=1727,y=2099,w=115,h=161",ad-13-14
ad-13-14/13/8,為,"rect:x=1723,y=1883,w=119,h=121",ad-13-14
ad-13-14/14/43,曰,"rect:x=279,y=798,w=118,h=140",ad-13-14
ad-13-14/14/4,賤,"rect:x=823,y=1203,w=116,h=164",ad-13-14
ad-13-14/14/3,貴,"rect:x=823,y=948,w=118,h=187",ad-13-14
ad-13-14/14/10,倍,"rect:x=827,y=2508,w=110,h=212",ad-13-14
ad-13-14/14/20,民,"rect:x=648,y=1771,w=105,h=137",ad-13-14
ad-13-14/14/30,邦,"rect:x=463,y=1057,w=105,h=139",ad-13-14
ad-13-14/14/36,於,"rect:x=465,y=1953,w=116,h=59",ad-13-14
ad-13-14/14/17,悌,"rect:x=642,y=1282,w=118,h=152",ad-13-14
ad-13-14/14/16,愷,"rect:x=646,y=1013,w=114,h=216",ad-13-14
ad-13-14/13/33,罪,"rect:x=1387,y=1929,w=108,h=157",ad-13-14
ad-13-14/13/7,曰,"rect:x=1731,y=1685,w=110,h=121",ad-13-14
ad-13-14/13/11,邦,"rect:x=1729,y=2504,w=113,h=147",ad-13-14
ad-13-14/13/1,由,"rect:x=1732,y=462,w=109,h=172",ad-13-14
ad-13-14/14/28,和,"rect:x=463,y=729,w=105,h=133",ad-13-14
ad-13-14/14/27,為,"rect:x=463,y=522,w=107,h=168",ad-13-14
ad-13-14/14/33,曰,"rect:x=458,y=1563,w=121,h=112",ad-13-14
ad-13-14/14/14,之,"rect:x=651,y=646,w=107,h=125",ad-13-14
ad-13-14/13/26,陳,"rect:x=1373,y=506,w=106,h=159",ad-13-14
ad-13-14/13/24,民,"rect:x=1545,y=2598,w=112,h=135",ad-13-14
ad-13-14/13/18,毋,"rect:x=1538,y=1377,w=114,h=137",ad-13-14
ad-13-14/13/14,曹,"rect:x=1544,y=521,w=121,h=168",ad-13-14
ad-13-14/13/12,如,"rect:x=1731,y=2708,w=113,h=126",ad-13-14
ad-13-14/13/34,而,"rect:x=1392,y=2143,w=107,h=141",ad-13-14
ad-13-14/14/1,群,"rect:x=821,y=461,w=120,h=183",ad-13-14
ad-13-14/14/13,有,"rect:x=651,y=480,w=102,h=133",ad-13-14
ad-13-14/14/5,同,"rect:x=825,y=1417,w=112,h=127",ad-13-14
ad-13-14/14/8,祿,"rect:x=830,y=2057,w=109,h=211",ad-13-14
ad-13-14/14/18,君,"rect:x=642,y=1454,w=109,h=120",ad-13-14
ad-13-14/14/21,之,"rect:x=648,y=1954,w=110,h=135",ad-13-14
ad-13-14/14/25,所,"rect:x=662,y=2694,w=111,h=168",ad-13-14
ad-13-14/14/26,以,"rect:x=463,y=330,w=105,h=142",ad-13-14
ad-13-14/14/38,如,"rect:x=465,y=2228,w=111,h=135",ad-13-14
ad-13-14/14/35,和,"rect:x=461,y=1885,w=118,h=66",ad-13-14
ad-13-14/14/41,曹,"rect:x=282,y=322,w=111,h=197",ad-13-14
ad-13-14/14/15,曰,"rect:x=651,y=827,w=109,h=112",ad-13-14
ad-13-14/13/29,食,"rect:x=1375,y=1100,w=108,h=167",ad-13-14
ad-13-14/13/20,民,"rect:x=1540,y=1800,w=110,h=143",ad-13-14
ad-13-14/13/17,曰,"rect:x=1544,y=1192,w=115,h=111",ad-13-14
ad-13-14/14/31,莊,"rect:x=465,y=1236,w=105,h=144",ad-13-14
ad-13-14/13/4,乎,"rect:x=1736,y=1060,w=101,h=188",ad-13-14
ad-13-14/13/2,其,"rect:x=1732,y=702,w=109,h=125",ad-13-14
ad-13-14/13/3,本,"rect:x=1734,y=862,w=110,h=154",ad-13-14
ad-13-14/14/11,詩,"rect:x=832,y=2755,w=109,h=157",ad-13-14
ad-13-14/14/12,於,"rect:x=642,y=325,w=116,h=131",ad-13-14
ad-13-14/14/9,毋,"rect:x=832,y=2336,w=102,h=135",ad-13-14
ad-13-14/14/23,母,"rect:x=657,y=2316,w=114,h=147",ad-13-14
ad-13-14/13/34,而,"rect:x=458,y=1750,w=134,h=137",ad-13-14
ad-13-14/14/29,於,"rect:x=465,y=897,w=107,h=129",ad-13-14
ad-13-14/14/37,舍,"rect:x=463,y=2018,w=113,h=134",ad-13-14
ad-13-14/14/7,施,"rect:x=825,y=1821,w=116,h=174",ad-13-14
ad-13-14/14/6,待,"rect:x=830,y=1602,w=109,h=151",ad-13-14
ad-13-14/13/32,有,"rect:x=1385,y=1756,w=112,h=130",ad-13-14
ad-13-14/13/31,罰,"rect:x=1378,y=1529,w=113,h=170",ad-13-14
ad-13-14/13/30,刑,"rect:x=1378,y=1316,w=110,h=154",ad-13-14
ad-13-14/13/27,功,"rect:x=1371,y=731,w=112,h=154",ad-13-14
ad-13-14/13/23,奪,"rect:x=1544,y=2376,w=110,h=156",ad-13-14
ad-13-14/13/22,毋,"rect:x=1542,y=2185,w=110,h=121",ad-13-14
ad-13-14/13/21,時,"rect:x=1533,y=1982,w=117,h=148",ad-13-14
ad-13-14/13/19,穫,"rect:x=1538,y=1575,w=114,h=178",ad-13-14
ad-13-14/13/10,於,"rect:x=1725,y=2310,w=117,h=119",ad-13-14
ad-15-16/15/1,三,"rect:x=1781,y=312,w=108,h=118",ad-15-16
ad-15-16/15/6,自,"rect:x=1781,y=1192,w=110,h=118",ad-15-16
ad-15-16/15/2,軍,"rect:x=1785,y=464,w=102,h=123",ad-15-16
ad-15-16/15/10,二,"rect:x=1783,y=1952,w=110,h=99",ad-15-16
ad-15-16/15/16,必,"rect:x=1610,y=522,w=108,h=142",ad-15-16
ad-15-16/15/30,師,"rect:x=1424,y=1079,w=105,h=130",ad-15-16
ad-15-16/16/8,避,"rect:x=890,y=1799,w=108,h=165",ad-15-16
ad-15-16/16/16,則,"rect:x=717,y=720,w=110,h=151",ad-15-16
ad-15-16/16/19,之,"rect:x=705,y=1367,w=112,h=102",ad-15-16
ad-15-16/16/31,問,"rect:x=531,y=1096,w=102,h=143",ad-15-16
ad-15-16/16/40,曰,"rect:x=352,y=311,w=102,h=147",ad-15-16
ad-15-16/16/30,又,"rect:x=527,y=935,w=108,h=104",ad-15-16
ad-15-16/16/1,無,"rect:x=898,y=428,w=100,h=145",ad-15-16
ad-15-16/15/36,有,"rect:x=1417,y=2196,w=103,h=113",ad-15-16
ad-15-16/15/26,數,"rect:x=1421,y=333,w=115,h=202",ad-15-16
ad-15-16/15/24,必,"rect:x=1604,y=2348,w=109,h=160",ad-15-16
ad-15-16/15/39,長,"rect:x=1242,y=326,w=99,h=154",ad-15-16
ad-15-16/16/9,罪,"rect:x=886,y=2052,w=114,h=184",ad-15-16
ad-15-16/16/4,無,"rect:x=894,y=1085,w=111,h=125",ad-15-16
ad-15-16/16/15,邦,"rect:x=723,y=504,w=102,h=124",ad-15-16
ad-15-16/16/21,難,"rect:x=709,y=1722,w=106,h=165",ad-15-16
ad-15-16/15/5,君,"rect:x=1780,y=1002,w=110,h=120",ad-15-16
ad-15-16/15/19,嬖,"rect:x=1600,y=1166,w=109,h=177",ad-15-16
ad-15-16/15/11,將,"rect:x=1781,y=2075,w=109,h=133",ad-15-16
ad-15-16/16/35,陳,"rect:x=533,y=1943,w=108,h=139",ad-15-16
ad-15-16/15/23,大,"rect:x=1597,y=2109,w=118,h=166",ad-15-16
ad-15-16/15/9,有,"rect:x=1784,y=1768,w=110,h=138",ad-15-16
ad-15-16/15/25,有,"rect:x=1607,y=2571,w=108,h=143",ad-15-16
ad-15-16/15/17,有,"rect:x=1612,y=707,w=104,h=121",ad-15-16
ad-15-16/15/35,凡,"rect:x=1420,y=2043,w=102,h=125",ad-15-16
ad-15-16/15/40,民,"rect:x=1240,y=518,w=102,h=177",ad-15-16
ad-15-16/15/29,之,"rect:x=1424,y=928,w=106,h=109",ad-15-16
ad-15-16/16/20,不,"rect:x=709,y=1542,w=108,h=116",ad-15-16
ad-15-16/16/23,以,"rect:x=715,y=2125,w=106,h=94",ad-15-16
ad-15-16/16/24,為,"rect:x=725,y=2323,w=100,h=155",ad-15-16
ad-15-16/16/26,於,"rect:x=723,y=2715,w=108,h=112",ad-15-16
ad-15-16/16/33,和,"rect:x=531,y=1521,w=106,h=142",ad-15-16
ad-15-16/16/17,其,"rect:x=711,y=967,w=108,h=112",ad-15-16
ad-15-16/15/4,出,"rect:x=1780,y=857,w=113,h=100",ad-15-16
ad-15-16/15/3,大,"rect:x=1781,y=671,w=105,h=131",ad-15-16
ad-15-16/15/22,嬖,"rect:x=1599,y=1884,w=110,h=156",ad-15-16
ad-15-16/15/21,無,"rect:x=1597,y=1691,w=108,h=137",ad-15-16
ad-15-16/15/31,公,"rect:x=1426,y=1276,w=100,h=133",ad-15-16
ad-15-16/15/33,公,"rect:x=1426,y=1694,w=99,h=112",ad-15-16
ad-15-16/15/28,官,"rect:x=1424,y=751,w=105,h=146",ad-15-16
ad-15-16/16/22,所,"rect:x=715,y=1923,w=104,h=127",ad-15-16
ad-15-16/16/13,教,"rect:x=888,y=2760,w=102,h=159",ad-15-16
ad-15-16/16/32,為,"rect:x=529,y=1300,w=110,h=147",ad-15-16
ad-15-16/15/18,數,"rect:x=1604,y=909,w=111,h=188",ad-15-16
ad-15-16/15/13,無,"rect:x=1778,y=2502,w=109,h=143",ad-15-16
ad-15-16/16/2,祿,"rect:x=894,y=624,w=111,h=153",ad-15-16
ad-15-16/16/6,軍,"rect:x=896,y=1416,w=102,h=146",ad-15-16
ad-15-16/16/7,而,"rect:x=888,y=1589,w=112,h=153",ad-15-16
ad-15-16/16/34,於,"rect:x=533,y=1718,w=106,h=129",ad-15-16
ad-15-16/16/27,舍,"rect:x=535,y=317,w=92,h=159",ad-15-16
ad-15-16/15/20,大,"rect:x=1595,y=1418,w=111,h=179",ad-15-16
ad-15-16/15/7,率,"rect:x=1783,y=1360,w=113,h=182",ad-15-16
ad-15-16/15/14,將,"rect:x=1781,y=2717,w=106,h=147",ad-15-16
ad-15-16/15/8,必,"rect:x=1785,y=1580,w=108,h=152",ad-15-16
ad-15-16/15/38,率,"rect:x=1417,y=2557,w=98,h=183",ad-15-16
ad-15-16/15/37,司,"rect:x=1413,y=2386,w=103,h=125",ad-15-16
ad-15-16/15/27,大,"rect:x=1423,y=580,w=109,h=118",ad-15-16
ad-15-16/16/36,如,"rect:x=531,y=2147,w=111,h=124",ad-15-16
ad-15-16/16/39,答,"rect:x=535,y=2710,w=107,h=132",ad-15-16
ad-15-16/16/10,用,"rect:x=888,y=2305,w=104,h=135",ad-15-16
ad-15-16/16/3,爵,"rect:x=890,y=830,w=119,h=204",ad-15-16
ad-15-16/16/5,從,"rect:x=894,y=1250,w=109,h=139",ad-15-16
ad-15-16/16/12,而,"rect:x=886,y=2660,w=106,h=98",ad-15-16
ad-15-16/16/18,合,"rect:x=705,y=1179,w=118,h=126",ad-15-16
ad-15-16/16/14,於,"rect:x=723,y=332,w=104,h=113",ad-15-16
ad-15-16/16/11,諸,"rect:x=888,y=2509,w=104,h=153",ad-15-16
ad-15-16/16/25,和,"rect:x=721,y=2537,w=102,h=127",ad-15-16
ad-15-16/16/28,莊,"rect:x=533,y=554,w=96,h=141",ad-15-16
ad-15-16/15/41,者,"rect:x=1239,y=734,w=103,h=143",ad-15-16
ad-15-16/16/41,車,"rect:x=346,y=511,w=116,h=153",ad-15-16
ad-17-18/17/13,前,"rect:x=1589,y=491,w=113,h=156",ad-17-18
ad-17-18/17/11,使,"rect:x=1758,y=2617,w=114,h=137",ad-17-18
ad-17-18/17/17,之,"rect:x=1571,y=1286,w=123,h=107",ad-17-18
ad-17-18/17/14,行,"rect:x=1583,y=730,w=115,h=149",ad-17-18
ad-17-18/17/22,兵,"rect:x=1594,y=2406,w=111,h=149",ad-17-18
ad-17-18/17/36,紀,"rect:x=1398,y=2539,w=106,h=150",ad-17-18
ad-17-18/18/1,人,"rect:x=869,y=365,w=106,h=134",ad-17-18
ad-17-18/18/5,人,"rect:x=871,y=1008,w=110,h=90",ad-17-18
ad-17-18/18/22,毋,"rect:x=706,y=1745,w=103,h=123",ad-17-18
ad-17-18/18/28,率,"rect:x=527,y=475,w=103,h=144",ad-17-18
ad-17-18/18/44,足,"rect:x=345,y=875,w=104,h=142",ad-17-18
ad-17-18/18/38,莊,"rect:x=528,y=2241,w=104,h=127",ad-17-18
ad-17-18/18/43,者,"rect:x=345,y=686,w=104,h=137",ad-17-18
ad-17-18/17/6,兵,"rect:x=1758,y=1486,w=108,h=151",ad-17-18
ad-17-18/17/5,容,"rect:x=1753,y=1329,w=112,h=123",ad-17-18
ad-17-18/17/38,人,"rect:x=1212,y=438,w=109,h=111",ad-17-18
ad-17-18/17/39,以,"rect:x=1219,y=576,w=116,h=119",ad-17-18
ad-17-18/18/8,所,"rect:x=879,y=1533,w=104,h=132",ad-17-18
ad-17-18/18/24,將,"rect:x=709,y=2127,w=102,h=147",ad-17-18
ad-17-18/17/12,為,"rect:x=1587,y=253,w=119,h=156",ad-17-18
ad-17-18/17/19,茍,"rect:x=1582,y=1694,w=117,h=160",ad-17-18
ad-17-18/18/35,死,"rect:x=531,y=1732,w=99,h=126",ad-17-18
ad-17-18/18/41,此,"rect:x=347,y=396,w=101,h=107",ad-17-18
ad-17-18/18/40,曰,"rect:x=345,y=258,w=106,h=104",ad-17-18
ad-17-18/17/23,十,"rect:x=1589,y=2615,w=125,h=136",ad-17-18
ad-17-18/17/25,之,"rect:x=1402,y=459,w=105,h=115",ad-17-18
ad-17-18/18/16,尚,"rect:x=705,y=659,w=101,h=100",ad-17-18
ad-17-18/18/20,以,"rect:x=700,y=1393,w=112,h=124",ad-17-18
ad-17-18/18/26,以,"rect:x=710,y=2526,w=104,h=93",ad-17-18
ad-17-18/18/27,車,"rect:x=527,y=275,w=103,h=141",ad-17-18
ad-17-18/18/19,所,"rect:x=700,y=1213,w=112,h=117",ad-17-18
ad-17-18/18/33,以,"rect:x=528,y=1420,w=108,h=78",ad-17-18
ad-17-18/18/30,以,"rect:x=527,y=899,w=106,h=87",ad-17-18
ad-17-18/17/2,容,"rect:x=1746,y=654,w=119,h=124",ad-17-18
ad-17-18/17/10,食,"rect:x=1756,y=2390,w=116,h=150",ad-17-18
ad-17-18/17/4,間,"rect:x=1752,y=1093,w=111,h=163",ad-17-18
ad-17-18/17/18,後,"rect:x=1573,y=1451,w=122,h=182",ad-17-18
ad-17-18/17/15,三,"rect:x=1580,y=919,w=115,h=110",ad-17-18
ad-17-18/18/7,賞,"rect:x=878,y=1321,w=104,h=147",ad-17-18
ad-17-18/18/11,團,"rect:x=884,y=2121,w=102,h=131",ad-17-18
ad-17-18/18/4,四,"rect:x=877,y=891,w=101,h=75",ad-17-18
ad-17-18/18/23,退,"rect:x=710,y=1952,w=100,h=148",ad-17-18
ad-17-18/18/17,聞,"rect:x=705,y=836,w=103,h=124",ad-17-18
ad-17-18/17/27,必,"rect:x=1402,y=850,w=112,h=157",ad-17-18
ad-17-18/17/34,謂,"rect:x=1398,y=2069,w=102,h=176",ad-17-18
ad-17-18/17/29,公,"rect:x=1401,y=1239,w=110,h=104",ad-17-18
ad-17-18/17/21,短,"rect:x=1587,y=2155,w=116,h=152",ad-17-18
ad-17-18/18/10,為,"rect:x=883,y=1910,w=103,h=131",ad-17-18
ad-17-18/18/12,毋,"rect:x=884,y=2316,w=103,h=121",ad-17-18
ad-17-18/18/14,獲,"rect:x=700,y=285,w=103,h=171",ad-17-18
ad-17-18/18/6,皆,"rect:x=875,y=1137,w=107,h=107",ad-17-18
ad-17-18/18/32,所,"rect:x=528,y=1228,w=99,h=122",ad-17-18
ad-17-18/18/13,尚,"rect:x=887,y=2515,w=99,h=114",ad-17-18
ad-17-18/17/20,見,"rect:x=1580,y=1928,w=118,h=145",ad-17-18
ad-17-18/17/40,伍,"rect:x=1213,y=713,w=119,h=145",ad-17-18
ad-17-18/18/18,命,"rect:x=701,y=1013,w=110,h=126",ad-17-18
ad-17-18/18/15,而,"rect:x=702,y=496,w=102,h=125",ad-17-18
ad-17-18/18/21,為,"rect:x=705,y=1557,w=104,h=145",ad-17-18
ad-17-18/18/9,以,"rect:x=881,y=1751,w=104,h=99",ad-17-18
ad-17-18/18/42,三,"rect:x=344,y=545,w=103,h=103",ad-17-18
ad-17-18/18/37,民,"rect:x=528,y=2077,w=101,h=116",ad-17-18
ad-17-18/18/25,車,"rect:x=711,y=2354,w=107,h=122",ad-17-18
ad-17-18/18/36,於,"rect:x=529,y=1913,w=103,h=100",ad-17-18
ad-17-18/17/9,重,"rect:x=1754,y=2175,w=118,h=157",ad-17-18
ad-17-18/17/7,貴,"rect:x=1750,y=1734,w=115,h=167",ad-17-18
ad-17-18/17/1,間,"rect:x=1750,y=420,w=109,h=154",ad-17-18
ad-17-18/17/24,五,"rect:x=1394,y=288,w=112,h=112",ad-17-18
ad-17-18/17/16,行,"rect:x=1575,y=1093,w=127,h=142",ad-17-18
ad-17-18/17/31,公,"rect:x=1398,y=1561,w=108,h=98",ad-17-18
ad-17-18/17/28,有,"rect:x=1406,y=1058,w=104,h=125",ad-17-18
ad-17-18/17/33,是,"rect:x=1391,y=1845,w=115,h=150",ad-17-18
ad-17-18/17/35,軍,"rect:x=1397,y=2308,w=114,h=168",ad-17-18
ad-17-18/17/37,五,"rect:x=1213,y=281,w=116,h=115",ad-17-18
ad-17-18/17/8,位,"rect:x=1752,y=1981,w=121,h=132",ad-17-18
ad-17-18/18/2,有,"rect:x=872,y=536,w=105,h=106",ad-17-18
ad-17-18/18/3,多,"rect:x=873,y=706,w=105,h=86",ad-17-18
ad-17-18/18/29,徒,"rect:x=527,y=678,w=107,h=137",ad-17-18
ad-17-18/18/31,徒,"rect:x=530,y=1050,w=103,h=113",ad-17-18
ad-17-18/18/34,同,"rect:x=530,y=1555,w=101,h=105",ad-17-18
ad-17-18/17/3,伍,"rect:x=1750,y=850,w=120,h=146",ad-17-18
ad-19-20/19/36,為,"rect:x=1461,y=2133,w=106,h=146",ad-19-20
ad-19-20/19/28,義,"rect:x=1449,y=505,w=112,h=140",ad-19-20
ad-19-20/20/5,勞,"rect:x=914,y=1148,w=110,h=169",ad-19-20
ad-19-20/20/13,匹,"rect:x=917,y=2795,w=105,h=169",ad-19-20
ad-19-20/20/4,自,"rect:x=905,y=949,w=122,h=109",ad-19-20
ad-19-20/20/12,偽,"rect:x=915,y=2571,w=113,h=147",ad-19-20
ad-19-20/20/26,知,"rect:x=536,y=315,w=109,h=154",ad-19-20
ad-19-20/19/24,則,"rect:x=1643,y=2249,w=108,h=147",ad-19-20
ad-19-20/19/1,戰,"rect:x=1817,y=421,w=111,h=152",ad-19-20
ad-19-20/20/33,則,"rect:x=539,y=1778,w=112,h=151",ad-19-20
ad-19-20/19/18,則,"rect:x=1636,y=1187,w=112,h=134",ad-19-20
ad-19-20/19/35,問,"rect:x=1461,y=1938,w=110,h=136",ad-19-20
ad-19-20/20/27,不,"rect:x=536,y=535,w=113,h=134",ad-19-20
ad-19-20/20/20,君,"rect:x=731,y=1712,w=108,h=141",ad-19-20
ad-19-20/20/23,聽,"rect:x=732,y=2314,w=109,h=141",ad-19-20
ad-19-20/20/1,君,"rect:x=905,y=404,w=113,h=123",ad-19-20
ad-19-20/20/35,親,"rect:x=530,y=2224,w=116,h=213",ad-19-20
ad-19-20/20/17,之,"rect:x=710,y=970,w=128,h=139",ad-19-20
ad-19-20/20/34,民,"rect:x=541,y=2015,w=111,h=176",ad-19-20
ad-19-20/20/30,所,"rect:x=544,y=1101,w=110,h=141",ad-19-20
ad-19-20/19/20,團,"rect:x=1643,y=1576,w=116,h=145",ad-19-20
ad-19-20/19/4,曰,"rect:x=1826,y=1019,w=113,h=119",ad-19-20
ad-19-20/19/9,勝,"rect:x=1826,y=2068,w=112,h=203",ad-19-20
ad-19-20/20/18,獄,"rect:x=719,y=1201,w=141,h=176",ad-19-20
ad-19-20/20/21,必,"rect:x=734,y=1929,w=107,h=108",ad-19-20
ad-19-20/20/2,毋,"rect:x=902,y=583,w=122,h=115",ad-19-20
ad-19-20/20/37,莊,"rect:x=527,y=2649,w=113,h=149",ad-19-20
ad-19-20/20/39,又,"rect:x=357,y=442,w=110,h=131",ad-19-20
ad-19-20/20/7,觀,"rect:x=914,y=1563,w=134,h=188",ad-19-20
ad-19-20/20/8,上,"rect:x=921,y=1811,w=116,h=143",ad-19-20
ad-19-20/19/16,不,"rect:x=1623,y=816,w=117,h=132",ad-19-20
ad-19-20/19/12,率,"rect:x=1826,y=2755,w=110,h=176",ad-19-20
ad-19-20/19/15,人,"rect:x=1630,y=702,w=108,h=84",ad-19-20
ad-19-20/19/7,怠,"rect:x=1826,y=1610,w=113,h=179",ad-19-20
ad-19-20/19/8,果,"rect:x=1830,y=1830,w=111,h=165",ad-19-20
ad-19-20/19/21,也,"rect:x=1647,y=1721,w=106,h=73",ad-19-20
ad-19-20/19/30,不,"rect:x=1451,y=950,w=114,h=151",ad-19-20
ad-19-20/19/22,不,"rect:x=1641,y=1861,w=112,h=147",ad-19-20
ad-19-20/20/3,憚,"rect:x=909,y=762,w=113,h=151",ad-19-20
ad-19-20/20/6,以,"rect:x=917,y=1401,w=102,h=83",ad-19-20
ad-19-20/20/10,之,"rect:x=918,y=2153,w=113,h=97",ad-19-20
ad-19-20/20/11,情,"rect:x=927,y=2357,w=100,h=159",ad-19-20
ad-19-20/20/9,下,"rect:x=917,y=2007,w=116,h=106",ad-19-20
ad-19-20/20/28,足,"rect:x=539,y=717,w=115,h=140",ad-19-20
ad-19-20/20/15,寡,"rect:x=725,y=517,w=111,h=170",ad-19-20
ad-19-20/19/29,則,"rect:x=1455,y=715,w=108,h=170",ad-19-20
ad-19-20/19/2,乎,"rect:x=1819,y=640,w=111,h=130",ad-19-20
ad-19-20/19/3,答,"rect:x=1822,y=849,w=109,h=110",ad-19-20
ad-19-20/19/10,疑,"rect:x=1831,y=2331,w=105,h=207",ad-19-20
ad-19-20/19/13,勝,"rect:x=1641,y=291,w=103,h=193",ad-19-20
ad-19-20/19/14,使,"rect:x=1636,y=529,w=112,h=149",ad-19-20
ad-19-20/19/26,輯,"rect:x=1645,y=2636,w=112,h=203",ad-19-20
ad-19-20/20/40,問,"rect:x=360,y=625,w=113,h=174",ad-19-20
ad-19-20/19/34,又,"rect:x=1457,y=1733,w=106,h=121",ad-19-20
ad-19-20/19/19,不,"rect:x=1641,y=1401,w=108,h=138",ad-19-20
ad-19-20/19/23,和,"rect:x=1647,y=2051,w=101,h=136",ad-19-20
ad-19-20/19/31,服,"rect:x=1455,y=1138,w=112,h=174",ad-19-20
ad-19-20/19/25,不,"rect:x=1643,y=2441,w=114,h=139",ad-19-20
ad-19-20/19/27,不,"rect:x=1444,y=289,w=119,h=138",ad-19-20
ad-19-20/20/29,無,"rect:x=541,y=924,w=113,h=99",ad-19-20
ad-19-20/19/37,親,"rect:x=1459,y=2314,w=108,h=183",ad-19-20
ad-19-20/19/32,莊,"rect:x=1459,y=1366,w=104,h=145",ad-19-20
ad-19-20/20/25,又,"rect:x=728,y=2693,w=113,h=125",ad-19-20
ad-19-20/20/22,身,"rect:x=731,y=2131,w=111,h=104",ad-19-20
ad-19-20/20/24,之,"rect:x=731,y=2527,w=116,h=110",ad-19-20
ad-19-20/20/36,之,"rect:x=529,y=2474,w=116,h=124",ad-19-20
ad-19-20/20/32,中,"rect:x=535,y=1541,w=116,h=165",ad-19-20
ad-19-20/20/31,不,"rect:x=541,y=1317,w=114,h=130",ad-19-20
ad-19-20/19/17,親,"rect:x=1630,y=1010,w=116,h=143",ad-19-20
ad-19-20/19/6,勝,"rect:x=1824,y=1368,w=125,h=184",ad-19-20
ad-19-20/19/5,戒,"rect:x=1830,y=1172,w=109,h=147",ad-19-20
ad-19-20/19/11,親,"rect:x=1831,y=2564,w=114,h=160",ad-19-20
ad-19-20/19/38,如,"rect:x=1455,y=2567,w=110,h=114",ad-19-20
ad-21-22/21/5,毋,"rect:x=1553,y=257,w=114,h=141",ad-21-22
ad-21-22/22/40,所,"rect:x=300,y=264,w=118,h=145",ad-21-22
ad-21-22/22/36,君,"rect:x=488,y=2118,w=108,h=142",ad-21-22
ad-21-22/22/29,長,"rect:x=481,y=707,w=113,h=160",ad-21-22
ad-21-22/22/35,有,"rect:x=474,y=1955,w=129,h=99",ad-21-22
ad-21-22/21/26,曰,"rect:x=1389,y=2021,w=110,h=110",ad-21-22
ad-21-22/22/6,人,"rect:x=848,y=1380,w=115,h=116",ad-21-22
ad-21-22/22/21,義,"rect:x=667,y=1710,w=102,h=178",ad-21-22
ad-21-22/22/25,聞,"rect:x=674,y=2536,w=120,h=136",ad-21-22
ad-21-22/21/12,聽,"rect:x=1570,y=1790,w=110,h=144",ad-21-22
ad-21-22/21/1,嬖,"rect:x=1759,y=1987,w=102,h=114",ad-21-22
ad-21-22/21/25,答,"rect:x=1389,y=1862,w=107,h=118",ad-21-22
ad-21-22/22/7,能,"rect:x=848,y=1572,w=115,h=138",ad-21-22
ad-21-22/22/15,智,"rect:x=663,y=468,w=101,h=154",ad-21-22
ad-21-22/22/12,率,"rect:x=857,y=2579,w=110,h=181",ad-21-22
ad-21-22/22/39,者,"rect:x=474,y=2650,w=129,h=147",ad-21-22
ad-21-22/21/30,賢,"rect:x=1213,y=265,w=103,h=160",ad-21-22
ad-21-22/22/27,卒,"rect:x=483,y=287,w=108,h=165",ad-21-22
ad-21-22/22/30,三,"rect:x=481,y=975,w=120,h=95",ad-21-22
ad-21-22/22/1,百,"rect:x=852,y=405,w=109,h=156",ad-21-22
ad-21-22/21/7,於,"rect:x=1549,y=655,w=112,h=151",ad-21-22
ad-21-22/21/20,為,"rect:x=1387,y=849,w=111,h=143",ad-21-22
ad-21-22/21/9,兄,"rect:x=1549,y=1038,w=129,h=169",ad-21-22
ad-21-22/21/15,民,"rect:x=1572,y=2459,w=104,h=128",ad-21-22
ad-21-22/21/14,則,"rect:x=1574,y=2235,w=104,h=145",ad-21-22
ad-21-22/22/17,有,"rect:x=660,y=884,w=109,h=113",ad-21-22
ad-21-22/22/9,三,"rect:x=852,y=1997,w=115,h=113",ad-21-22
ad-21-22/22/18,能,"rect:x=649,y=1094,w=126,h=147",ad-21-22
ad-21-22/22/19,則,"rect:x=660,y=1329,w=111,h=137",ad-21-22
ad-21-22/22/31,軍,"rect:x=490,y=1127,w=106,h=153",ad-21-22
ad-21-22/22/32,有,"rect:x=481,y=1312,w=115,h=144",ad-21-22
ad-21-22/22/34,邦,"rect:x=474,y=1738,w=133,h=154",ad-21-22
ad-21-22/21/10,賞,"rect:x=1560,y=1311,w=111,h=189",ad-21-22
ad-21-22/21/8,父,"rect:x=1553,y=839,w=112,h=143",ad-21-22
ad-21-22/21/18,又,"rect:x=1389,y=452,w=101,h=132",ad-21-22
ad-21-22/21/4,嬖,"rect:x=1757,y=2598,w=104,h=168",ad-21-22
ad-21-22/21/2,於,"rect:x=1753,y=2161,w=122,h=118",ad-21-22
ad-21-22/21/3,便,"rect:x=1755,y=2350,w=106,h=170",ad-21-22
ad-21-22/22/8,治,"rect:x=845,y=1771,w=113,h=147",ad-21-22
ad-21-22/22/13,授,"rect:x=857,y=2776,w=108,h=140",ad-21-22
ad-21-22/22/3,使,"rect:x=852,y=766,w=111,h=125",ad-21-22
ad-21-22/22/2,人,"rect:x=848,y=602,w=115,h=119",ad-21-22
ad-21-22/22/37,此,"rect:x=481,y=2312,w=120,h=110",ad-21-22
ad-21-22/22/38,三,"rect:x=481,y=2479,w=122,h=119",ad-21-22
ad-21-22/21/27,陳,"rect:x=1387,y=2169,w=109,h=174",ad-21-22
ad-21-22/22/16,予,"rect:x=658,y=705,w=99,h=127",ad-21-22
ad-21-22/22/26,之,"rect:x=676,y=2744,w=122,h=111",ad-21-22
ad-21-22/22/22,之,"rect:x=672,y=1954,w=106,h=101",ad-21-22
ad-21-22/22/23,且,"rect:x=669,y=2096,w=111,h=172",ad-21-22
ad-21-22/21/32,治,"rect:x=1206,y=704,w=114,h=160",ad-21-22
ad-21-22/21/11,均,"rect:x=1562,y=1562,w=114,h=170",ad-21-22
ad-21-22/22/41,以,"rect:x=307,y=447,w=108,h=126",ad-21-22
ad-21-22/21/16,和,"rect:x=1572,y=2637,w=102,h=126",ad-21-22
ad-21-22/21/21,義,"rect:x=1385,y=1029,w=111,h=185",ad-21-22
ad-21-22/21/6,黨,"rect:x=1553,y=447,w=110,h=150",ad-21-22
ad-21-22/21/28,功,"rect:x=1383,y=2421,w=111,h=162",ad-21-22
ad-21-22/21/29,尚,"rect:x=1382,y=2649,w=112,h=131",ad-21-22
ad-21-22/21/31,能,"rect:x=1202,y=483,w=114,h=174",ad-21-22
ad-21-22/22/20,民,"rect:x=660,y=1545,w=111,h=115",ad-21-22
ad-21-22/22/10,軍,"rect:x=850,y=2189,w=113,h=158",ad-21-22
ad-21-22/22/5,百,"rect:x=845,y=1171,w=111,h=146",ad-21-22
ad-21-22/22/4,長,"rect:x=848,y=958,w=117,h=154",ad-21-22
ad-21-22/22/28,有,"rect:x=479,y=524,w=112,h=115",ad-21-22
ad-21-22/22/33,帥,"rect:x=479,y=1531,w=133,h=155",ad-21-22
ad-21-22/22/14,有,"rect:x=658,y=306,w=111,h=108",ad-21-22
ad-21-22/22/24,臣,"rect:x=676,y=2356,w=102,h=101",ad-21-22
ad-21-22/22/11,使,"rect:x=857,y=2405,w=110,h=122",ad-21-22
ad-21-22/21/17,之,"rect:x=1393,y=288,w=97,h=120",ad-21-22
ad-21-22/21/22,如,"rect:x=1389,y=1255,w=109,h=157",ad-21-22
ad-21-22/21/13,中,"rect:x=1576,y=2026,w=95,h=143",ad-21-22
ad-21-22/21/19,問,"rect:x=1389,y=638,w=109,h=137",ad-21-22
ad-23-24/23/24,則,"rect:x=1596,y=2252,w=107,h=147",ad-23-24
ad-23-24/23/32,少,"rect:x=1423,y=1317,w=109,h=115",ad-23-24
ad-23-24/23/31,多,"rect:x=1426,y=1145,w=121,h=118",ad-23-24
ad-23-24/23/28,欲,"rect:x=1421,y=621,w=110,h=136",ad-23-24
ad-23-24/24/28,答,"rect:x=547,y=1235,w=119,h=89",ad-23-24
ad-23-24/23/3,是,"rect:x=1778,y=837,w=121,h=121",ad-23-24
ad-23-24/23/1,戰,"rect:x=1786,y=465,w=108,h=146",ad-23-24
ad-23-24/23/7,可,"rect:x=1784,y=1558,w=113,h=133",ad-23-24
ad-23-24/24/30,人,"rect:x=556,y=1549,w=102,h=96",ad-23-24
ad-23-24/24/33,不,"rect:x=553,y=2136,w=105,h=134",ad-23-24
ad-23-24/24/31,之,"rect:x=550,y=1701,w=129,h=80",ad-23-24
ad-23-24/24/29,曰,"rect:x=556,y=1392,w=108,h=88",ad-23-24
ad-23-24/23/11,不,"rect:x=1779,y=2352,w=100,h=128",ad-23-24
ad-23-24/23/21,不,"rect:x=1596,y=1662,w=113,h=120",ad-23-24
ad-23-24/24/11,戰,"rect:x=898,y=2610,w=120,h=148",ad-23-24
ad-23-24/24/10,行,"rect:x=889,y=2374,w=125,h=130",ad-23-24
ad-23-24/24/16,兵,"rect:x=728,y=1185,w=120,h=136",ad-23-24
ad-23-24/24/18,克,"rect:x=727,y=1578,w=115,h=191",ad-23-24
ad-23-24/23/5,長,"rect:x=1781,y=1208,w=125,h=107",ad-23-24
ad-23-24/23/18,則,"rect:x=1599,y=1028,w=110,h=147",ad-23-24
ad-23-24/23/34,易,"rect:x=1424,y=1651,w=115,h=206",ad-23-24
ad-23-24/23/36,氣,"rect:x=1421,y=2178,w=118,h=123",ad-23-24
ad-23-24/23/27,卒,"rect:x=1428,y=327,w=104,h=203",ad-23-24
ad-23-24/24/36,我,"rect:x=378,y=355,w=123,h=133",ad-23-24
ad-23-24/24/22,勿,"rect:x=732,y=2390,w=109,h=123",ad-23-24
ad-23-24/24/25,克,"rect:x=555,y=516,w=113,h=181",ad-23-24
ad-23-24/23/9,慎,"rect:x=1771,y=1942,w=118,h=178",ad-23-24
ad-23-24/23/12,卒,"rect:x=1770,y=2521,w=121,h=146",ad-23-24
ad-23-24/23/8,不,"rect:x=1779,y=1748,w=115,h=140",ad-23-24
ad-23-24/24/6,使,"rect:x=913,y=1504,w=109,h=92",ad-23-24
ad-23-24/24/7,倦,"rect:x=914,y=1695,w=117,h=155",ad-23-24
ad-23-24/24/3,帥,"rect:x=905,y=891,w=118,h=125",ad-23-24
ad-23-24/23/2,也,"rect:x=1778,y=645,w=123,h=139",ad-23-24
ad-23-24/23/33,則,"rect:x=1419,y=1461,w=118,h=146",ad-23-24
ad-23-24/24/9,不,"rect:x=901,y=2173,w=124,h=114",ad-23-24
ad-23-24/24/1,是,"rect:x=914,y=463,w=101,h=139",ad-23-24
ad-23-24/24/38,必,"rect:x=386,y=746,w=113,h=149",ad-23-24
ad-23-24/24/32,兵,"rect:x=560,y=1899,w=99,h=162",ad-23-24
ad-23-24/23/14,不,"rect:x=1604,y=313,w=112,h=142",ad-23-24
ad-23-24/23/17,和,"rect:x=1599,y=861,w=118,h=126",ad-23-24
ad-23-24/23/15,恆,"rect:x=1596,y=494,w=128,h=167",ad-23-24
ad-23-24/23/25,不,"rect:x=1593,y=2450,w=106,h=139",ad-23-24
ad-23-24/23/6,不,"rect:x=1778,y=1392,w=129,h=127",ad-23-24
ad-23-24/24/34,砥,"rect:x=548,y=2352,w=125,h=136",ad-23-24
ad-23-24/24/17,以,"rect:x=727,y=1402,w=110,h=96",ad-23-24
ad-23-24/24/12,有,"rect:x=741,y=350,w=112,h=133",ad-23-24
ad-23-24/24/19,莊,"rect:x=727,y=1869,w=121,h=129",ad-23-24
ad-23-24/23/19,不,"rect:x=1596,y=1225,w=111,h=135",ad-23-24
ad-23-24/23/10,也,"rect:x=1779,y=2159,w=109,h=126",ad-23-24
ad-23-24/23/39,易,"rect:x=1261,y=313,w=101,h=206",ad-23-24
ad-23-24/23/35,察,"rect:x=1426,y=1939,w=113,h=161",ad-23-24
ad-23-24/24/8,則,"rect:x=905,y=1947,w=112,h=127",ad-23-24
ad-23-24/24/26,奚,"rect:x=554,y=773,w=109,h=171",ad-23-24
ad-23-24/23/38,則,"rect:x=1426,y=2651,w=108,h=159",ad-23-24
ad-23-24/24/37,兵,"rect:x=380,y=552,w=122,h=158",ad-23-24
ad-23-24/23/40,合,"rect:x=1254,y=530,w=115,h=133",ad-23-24
ad-23-24/23/16,不,"rect:x=1596,y=712,w=116,h=128",ad-23-24
ad-23-24/23/22,嚴,"rect:x=1590,y=1816,w=116,h=136",ad-23-24
ad-23-24/23/26,勝,"rect:x=1590,y=2655,w=129,h=178",ad-23-24
ad-23-24/23/29,少,"rect:x=1419,y=819,w=108,h=117",ad-23-24
ad-23-24/23/37,盛,"rect:x=1424,y=2427,w=113,h=152",ad-23-24
ad-23-24/23/30,氣,"rect:x=1423,y=993,w=111,h=114",ad-23-24
ad-23-24/23/23,威,"rect:x=1593,y=2039,w=114,h=157",ad-23-24
ad-23-24/23/20,輯,"rect:x=1596,y=1399,w=111,h=195",ad-23-24
ad-23-24/24/14,道,"rect:x=729,y=759,w=120,h=121",ad-23-24
ad-23-24/24/13,顯,"rect:x=735,y=550,w=118,h=142",ad-23-24
ad-23-24/24/15,勿,"rect:x=729,y=971,w=119,h=120",ad-23-24
ad-23-24/24/5,可,"rect:x=910,y=1293,w=123,h=131",ad-23-24
ad-23-24/24/4,不,"rect:x=913,y=1105,w=102,h=118",ad-23-24
ad-23-24/24/23,兵,"rect:x=729,y=2551,w=112,h=154",ad-23-24
ad-23-24/24/24,以,"rect:x=553,y=339,w=105,h=110",ad-23-24
ad-23-24/24/21,曰,"rect:x=728,y=2217,w=121,h=103",ad-23-24
ad-23-24/23/13,則,"rect:x=1765,y=2713,w=123,h=129",ad-23-24
ad-25-26/25/20,大,"rect:x=1563,y=1693,w=116,h=170",ad-25-26
ad-25-26/25/18,人,"rect:x=1557,y=1282,w=115,h=126",ad-25-26
ad-25-26/25/12,人,"rect:x=1737,y=2586,w=117,h=99",ad-25-26
ad-25-26/25/14,士,"rect:x=1561,y=488,w=113,h=95",ad-25-26
ad-25-26/26/7,機,"rect:x=868,y=1701,w=119,h=164",ad-25-26
ad-25-26/26/20,卑,"rect:x=669,y=1525,w=130,h=132",ad-25-26
ad-25-26/26/5,師,"rect:x=872,y=1319,w=123,h=125",ad-25-26
ad-25-26/26/33,機,"rect:x=504,y=1643,w=124,h=145",ad-25-26
ad-25-26/26/39,曰,"rect:x=315,y=264,w=153,h=131",ad-25-26
ad-25-26/25/19,使,"rect:x=1563,y=1466,w=107,h=167",ad-25-26
ad-25-26/25/25,人,"rect:x=1399,y=255,w=97,h=97",ad-25-26
ad-25-26/25/35,之,"rect:x=1382,y=1913,w=143,h=97",ad-25-26
ad-25-26/26/29,此,"rect:x=504,y=919,w=114,h=96",ad-25-26
ad-25-26/25/42,既,"rect:x=1210,y=768,w=124,h=172",ad-25-26
ad-25-26/25/1,砥,"rect:x=1747,y=370,w=114,h=172",ad-25-26
ad-25-26/25/34,戰,"rect:x=1388,y=1682,w=137,h=149",ad-25-26
ad-25-26/25/33,此,"rect:x=1390,y=1477,w=128,h=108",ad-25-26
ad-25-26/26/21,父,"rect:x=667,y=1764,w=136,h=104",ad-25-26
ad-25-26/26/11,有,"rect:x=856,y=2442,w=125,h=104",ad-25-26
ad-25-26/26/18,其,"rect:x=677,y=1141,w=114,h=101",ad-25-26
ad-25-26/26/15,三,"rect:x=669,y=619,w=120,h=79",ad-25-26
ad-25-26/26/37,又,"rect:x=500,y=2328,w=124,h=125",ad-25-26
ad-25-26/26/1,成,"rect:x=860,y=398,w=123,h=182",ad-25-26
ad-25-26/26/38,問,"rect:x=508,y=2529,w=126,h=138",ad-25-26
ad-25-26/26/25,由,"rect:x=685,y=2575,w=142,h=163",ad-25-26
ad-25-26/25/17,大,"rect:x=1557,y=1052,w=122,h=157",ad-25-26
ad-25-26/25/21,我,"rect:x=1567,y=1920,w=112,h=114",ad-25-26
ad-25-26/25/10,必,"rect:x=1749,y=2214,w=107,h=155",ad-25-26
ad-25-26/26/12,臣,"rect:x=864,y=2660,w=125,h=95",ad-25-26
ad-25-26/26/13,聞,"rect:x=675,y=266,w=114,h=125",ad-25-26
ad-25-26/26/16,軍,"rect:x=673,y=764,w=118,h=141",ad-25-26
ad-25-26/26/26,邦,"rect:x=514,y=264,w=104,h=151",ad-25-26
ad-25-26/25/8,我,"rect:x=1741,y=1830,w=124,h=117",ad-25-26
ad-25-26/25/36,顯,"rect:x=1390,y=2085,w=116,h=138",ad-25-26
ad-25-26/25/27,將,"rect:x=1399,y=458,w=105,h=136",ad-25-26
ad-25-26/25/41,曰,"rect:x=1219,y=603,w=111,h=113",ad-25-26
ad-25-26/26/8,乎,"rect:x=870,y=1946,w=111,h=118",ad-25-26
ad-25-26/26/31,師,"rect:x=500,y=1272,w=120,h=112",ad-25-26
ad-25-26/26/32,之,"rect:x=496,y=1439,w=112,h=96",ad-25-26
ad-25-26/26/34,也,"rect:x=506,y=1788,w=124,h=104",ad-25-26
ad-25-26/25/9,甲,"rect:x=1745,y=2032,w=118,h=143",ad-25-26
ad-25-26/25/11,堅,"rect:x=1741,y=2398,w=115,h=124",ad-25-26
ad-25-26/25/13,使,"rect:x=1565,y=248,w=105,h=165",ad-25-26
ad-25-26/25/5,甲,"rect:x=1753,y=1174,w=118,h=164",ad-25-26
ad-25-26/25/4,之,"rect:x=1747,y=994,w=120,h=100",ad-25-26
ad-25-26/25/23,將,"rect:x=1563,y=2328,w=118,h=151",ad-25-26
ad-25-26/25/31,身,"rect:x=1403,y=1192,w=117,h=80",ad-25-26
ad-25-26/25/15,我,"rect:x=1557,y=655,w=105,h=112",ad-25-26
ad-25-26/25/32,進,"rect:x=1401,y=1270,w=124,h=135",ad-25-26
ad-25-26/25/37,道,"rect:x=1392,y=2277,w=128,h=118",ad-25-26
ad-25-26/25/38,也,"rect:x=1394,y=2453,w=122,h=176",ad-25-26
ad-25-26/25/7,堅,"rect:x=1751,y=1610,w=122,h=135",ad-25-26
ad-25-26/25/26,使,"rect:x=1396,y=352,w=110,h=108",ad-25-26
ad-25-26/26/14,之,"rect:x=671,y=463,w=116,h=74",ad-25-26
ad-25-26/26/22,兄,"rect:x=671,y=1957,w=136,h=122",ad-25-26
ad-25-26/26/23,不,"rect:x=673,y=2161,w=130,h=133",ad-25-26
ad-25-26/26/40,三,"rect:x=305,y=461,w=161,h=120",ad-25-26
ad-25-26/26/17,出,"rect:x=671,y=969,w=116,h=90",ad-25-26
ad-25-26/26/9,答,"rect:x=864,y=2148,w=117,h=97",ad-25-26
ad-25-26/26/41,軍,"rect:x=327,y=642,w=119,h=156",ad-25-26
ad-25-26/26/28,之,"rect:x=502,y=736,w=116,h=88",ad-25-26
ad-25-26/26/24,存,"rect:x=681,y=2372,w=124,h=137",ad-25-26
ad-25-26/26/27,御,"rect:x=498,y=475,w=138,h=183",ad-25-26
ad-25-26/26/2,教,"rect:x=860,y=642,w=123,h=183",ad-25-26
ad-25-26/26/3,矣,"rect:x=870,y=920,w=113,h=144",ad-25-26
ad-25-26/25/3,人,"rect:x=1745,y=802,w=126,h=118",ad-25-26
ad-25-26/25/22,使,"rect:x=1565,y=2111,w=109,h=173",ad-25-26
ad-25-26/26/6,有,"rect:x=868,y=1510,w=137,h=110",ad-25-26
ad-25-26/26/10,曰,"rect:x=870,y=2307,w=113,h=96",ad-25-26
ad-25-26/26/19,將,"rect:x=669,y=1318,w=118,h=131",ad-25-26
ad-25-26/26/4,出,"rect:x=866,y=1136,w=135,h=89",ad-25-26
ad-25-26/25/29,我,"rect:x=1399,y=888,w=109,h=116",ad-25-26
ad-25-26/26/35,莊,"rect:x=490,y=1922,w=130,h=133",ad-25-26
ad-25-26/25/16,使,"rect:x=1563,y=837,w=114,h=143",ad-25-26
ad-25-26/25/6,不,"rect:x=1749,y=1408,w=130,h=147",ad-25-26
ad-25-26/25/30,君,"rect:x=1399,y=1076,w=117,h=112",ad-25-26
ad-25-26/26/30,出,"rect:x=498,y=1097,w=124,h=87",ad-25-26
ad-27-28/27/24,濟,"rect:x=1601,y=2495,w=114,h=136",ad-27-28
ad-27-28/27/41,答,"rect:x=1247,y=857,w=121,h=126",ad-27-28
ad-27-28/28/11,迫,"rect:x=896,y=2291,w=105,h=163",ad-27-28
ad-27-28/28/28,死,"rect:x=555,y=1267,w=103,h=135",ad-27-28
ad-27-28/28/18,戰,"rect:x=723,y=1320,w=107,h=151",ad-27-28
ad-27-28/28/37,機,"rect:x=373,y=712,w=110,h=151",ad-27-28
ad-27-28/27/9,臣,"rect:x=1774,y=1953,w=115,h=127",ad-27-28
ad-27-28/27/28,裹,"rect:x=1419,y=893,w=127,h=124",ad-27-28
ad-27-28/27/11,之,"rect:x=1781,y=2316,w=103,h=91",ad-27-28
ad-27-28/27/42,曰,"rect:x=1247,y=995,w=125,h=95",ad-27-28
ad-27-28/27/10,聞,"rect:x=1777,y=2138,w=104,h=123",ad-27-28
ad-27-28/27/13,軍,"rect:x=1604,y=262,w=103,h=155",ad-27-28
ad-27-28/27/21,舍,"rect:x=1604,y=1835,w=103,h=187",ad-27-28
ad-27-28/27/16,陳,"rect:x=1596,y=882,w=116,h=129",ad-27-28
ad-27-28/27/25,塹,"rect:x=1424,y=264,w=106,h=166",ad-27-28
ad-27-28/27/35,問,"rect:x=1427,y=2064,w=104,h=145",ad-27-28
ad-27-28/28/7,其,"rect:x=898,y=1472,w=114,h=115",ad-27-28
ad-27-28/28/8,就,"rect:x=900,y=1671,w=106,h=166",ad-27-28
ad-27-28/28/27,戰,"rect:x=552,y=1016,w=109,h=162",ad-27-28
ad-27-28/28/29,莊,"rect:x=552,y=1485,w=112,h=154",ad-27-28
ad-27-28/28/23,疑,"rect:x=724,y=2428,w=111,h=182",ad-27-28
ad-27-28/28/34,既,"rect:x=551,y=2510,w=120,h=157",ad-27-28
ad-27-28/27/40,乎,"rect:x=1250,y=671,w=113,h=127",ad-27-28
ad-27-28/28/6,速,"rect:x=900,y=1268,w=113,h=153",ad-27-28
ad-27-28/28/3,去,"rect:x=897,y=708,w=112,h=129",ad-27-28
ad-27-28/28/31,又,"rect:x=551,y=1922,w=110,h=133",ad-27-28
ad-27-28/28/32,問,"rect:x=551,y=2138,w=106,h=142",ad-27-28
ad-27-28/27/4,機,"rect:x=1781,y=989,w=105,h=158",ad-27-28
ad-27-28/27/22,行,"rect:x=1601,y=2075,w=107,h=129",ad-27-28
ad-27-28/27/37,戰,"rect:x=1418,y=2447,w=128,h=160",ad-27-28
ad-27-28/28/24,陳,"rect:x=552,y=270,w=109,h=154",ad-27-28
ad-27-28/28/15,不,"rect:x=720,y=750,w=113,h=129",ad-27-28
ad-27-28/28/20,機,"rect:x=723,y=1701,w=107,h=164",ad-27-28
ad-27-28/28/26,疑,"rect:x=554,y=772,w=103,h=146",ad-27-28
ad-27-28/28/13,啟,"rect:x=725,y=288,w=107,h=150",ad-27-28
ad-27-28/27/2,裹,"rect:x=1774,y=614,w=112,h=140",ad-27-28
ad-27-28/27/23,阪,"rect:x=1605,y=2257,w=106,h=155",ad-27-28
ad-27-28/27/6,答,"rect:x=1784,y=1419,w=122,h=113",ad-27-28
ad-27-28/27/32,莊,"rect:x=1419,y=1496,w=126,h=133",ad-27-28
ad-27-28/27/14,未,"rect:x=1607,y=492,w=98,h=122",ad-27-28
ad-27-28/27/26,此,"rect:x=1407,y=494,w=142,h=92",ad-27-28
ad-27-28/27/17,未,"rect:x=1605,y=1093,w=107,h=116",ad-27-28
ad-27-28/28/25,敗,"rect:x=551,y=521,w=113,h=164",ad-27-28
ad-27-28/28/36,有,"rect:x=379,y=521,w=106,h=138",ad-27-28
ad-27-28/28/35,戰,"rect:x=367,y=275,w=131,h=165",ad-27-28
ad-27-28/27/7,曰,"rect:x=1787,y=1581,w=108,h=100",ad-27-28
ad-27-28/27/12,三,"rect:x=1781,y=2484,w=108,h=114",ad-27-28
ad-27-28/27/27,漸,"rect:x=1421,y=663,w=117,h=223",ad-27-28
ad-27-28/27/36,曰,"rect:x=1421,y=2256,w=117,h=104",ad-27-28
ad-27-28/27/39,機,"rect:x=1244,y=464,w=117,h=124",ad-27-28
ad-27-28/28/4,之,"rect:x=903,y=902,w=104,h=93",ad-27-28
ad-27-28/28/19,之,"rect:x=724,y=1535,w=103,h=85",ad-27-28
ad-27-28/27/34,又,"rect:x=1431,y=1873,w=104,h=123",ad-27-28
ad-27-28/27/5,乎,"rect:x=1777,y=1208,w=126,h=130",ad-27-28
ad-27-28/27/8,有,"rect:x=1777,y=1723,w=115,h=141",ad-27-28
ad-27-28/27/3,有,"rect:x=1779,y=830,w=114,h=107",ad-27-28
ad-27-28/27/18,可,"rect:x=1605,y=1274,w=113,h=144",ad-27-28
ad-27-28/27/15,成,"rect:x=1608,y=673,w=101,h=116",ad-27-28
ad-27-28/27/20,出,"rect:x=1601,y=1671,w=117,h=77",ad-27-28
ad-27-28/27/30,機,"rect:x=1421,y=1244,w=121,h=156",ad-27-28
ad-27-28/27/29,之,"rect:x=1424,y=1081,w=116,h=90",ad-27-28
ad-27-28/27/31,也,"rect:x=1426,y=1405,w=126,h=75",ad-27-28
ad-27-28/27/38,有,"rect:x=1247,y=290,w=135,h=112",ad-27-28
ad-27-28/28/12,其,"rect:x=893,y=2521,w=113,h=106",ad-27-28
ad-27-28/28/10,不,"rect:x=891,y=2094,w=109,h=127",ad-27-28
ad-27-28/28/9,之,"rect:x=897,y=1935,w=106,h=91",ad-27-28
ad-27-28/28/2,其,"rect:x=893,y=538,w=111,h=97",ad-27-28
ad-27-28/28/17,此,"rect:x=723,y=1158,w=109,h=84",ad-27-28
ad-27-28/28/16,疾,"rect:x=726,y=948,w=104,h=121",ad-27-28
ad-27-28/28/33,曰,"rect:x=551,y=2331,w=112,h=101",ad-27-28
ad-27-28/28/21,是,"rect:x=718,y=1956,w=114,h=125",ad-27-28
ad-27-28/28/5,不,"rect:x=898,y=1068,w=111,h=132",ad-27-28
ad-27-28/28/1,有,"rect:x=901,y=331,w=102,h=167",ad-27-28
ad-27-28/27/1,漸,"rect:x=1779,y=401,w=105,h=187",ad-27-28
ad-27-28/28/38,乎,"rect:x=379,y=912,w=107,h=141",ad-27-28
ad-29-30/29/6,輕,"rect:x=1723,y=1402,w=127,h=174",ad-29-30
ad-29-30/29/4,其,"rect:x=1715,y=981,w=121,h=100",ad-29-30
ad-29-30/29/1,答,"rect:x=1720,y=440,w=108,h=165",ad-29-30
ad-29-30/29/24,既,"rect:x=1538,y=2735,w=116,h=138",ad-29-30
ad-29-30/29/21,者,"rect:x=1538,y=2159,w=107,h=131",ad-29-30
ad-29-30/29/23,問,"rect:x=1538,y=2541,w=111,h=131",ad-29-30
ad-29-30/29/18,弗,"rect:x=1532,y=1504,w=114,h=135",ad-29-30
ad-29-30/29/38,曰,"rect:x=1162,y=573,w=125,h=121",ad-29-30
ad-29-30/29/27,有,"rect:x=1344,y=691,w=114,h=92",ad-29-30
ad-29-30/29/29,此,"rect:x=1344,y=1136,w=117,h=109",ad-29-30
ad-29-30/29/26,而,"rect:x=1341,y=562,w=114,h=102",ad-29-30
ad-29-30/30/32,以,"rect:x=429,y=1568,w=138,h=109",ad-29-30
ad-29-30/30/34,於,"rect:x=431,y=1991,w=123,h=112",ad-29-30
ad-29-30/30/25,君,"rect:x=610,y=2798,w=157,h=122",ad-29-30
ad-29-30/30/17,毋,"rect:x=618,y=1169,w=122,h=135",ad-29-30
ad-29-30/30/8,有,"rect:x=804,y=1962,w=133,h=107",ad-29-30
ad-29-30/30/11,大,"rect:x=783,y=2516,w=170,h=133",ad-29-30
ad-29-30/29/7,且,"rect:x=1728,y=1693,w=111,h=199",ad-29-30
ad-29-30/29/10,其,"rect:x=1704,y=2386,w=132,h=114",ad-29-30
ad-29-30/29/16,死,"rect:x=1527,y=1064,w=116,h=133",ad-29-30
ad-29-30/29/3,有,"rect:x=1715,y=811,w=121,h=94",ad-29-30
ad-29-30/30/38,杜,"rect:x=232,y=311,w=138,h=168",ad-29-30
ad-29-30/30/29,乃,"rect:x=423,y=948,w=139,h=165",ad-29-30
ad-29-30/29/17,者,"rect:x=1530,y=1266,w=110,h=147",ad-29-30
ad-29-30/29/33,機,"rect:x=1342,y=1892,w=112,h=140",ad-29-30
ad-29-30/30/24,將,"rect:x=604,y=2582,w=144,h=147",ad-29-30
ad-29-30/30/27,親,"rect:x=423,y=524,w=141,h=163",ad-29-30
ad-29-30/30/18,罪,"rect:x=610,y=1376,w=127,h=147",ad-29-30
ad-29-30/30/3,有,"rect:x=783,y=988,w=149,h=106",ad-29-30
ad-29-30/30/9,三,"rect:x=801,y=2130,w=131,h=98",ad-29-30
ad-29-30/29/2,曰,"rect:x=1720,y=664,w=106,h=119",ad-29-30
ad-29-30/29/14,不,"rect:x=1527,y=619,w=112,h=131",ad-29-30
ad-29-30/29/25,戰,"rect:x=1339,y=381,w=118,h=144",ad-29-30
ad-29-30/29/11,誅,"rect:x=1718,y=2561,w=113,h=149",ad-29-30
ad-29-30/29/13,且,"rect:x=1519,y=349,w=115,h=188",ad-29-30
ad-29-30/29/37,問,"rect:x=1160,y=356,w=116,h=136",ad-29-30
ad-29-30/29/34,莊,"rect:x=1342,y=2123,w=107,h=153",ad-29-30
ad-29-30/29/35,又,"rect:x=1336,y=2378,w=133,h=105",ad-29-30
ad-29-30/30/22,改,"rect:x=618,y=2252,w=125,h=112",ad-29-30
ad-29-30/30/26,如,"rect:x=434,y=325,w=112,h=154",ad-29-30
ad-29-30/30/28,率,"rect:x=423,y=727,w=144,h=181",ad-29-30
ad-29-30/30/14,誅,"rect:x=586,y=530,w=151,h=133",ad-29-30
ad-29-30/30/4,道,"rect:x=788,y=1182,w=146,h=125",ad-29-30
ad-29-30/30/7,曰,"rect:x=809,y=1802,w=133,h=115",ad-29-30
ad-29-30/30/35,萬,"rect:x=431,y=2175,w=128,h=146",ad-29-30
ad-29-30/30/40,地,"rect:x=237,y=788,w=133,h=160",ad-29-30
ad-29-30/30/1,敗,"rect:x=783,y=455,w=130,h=184",ad-29-30
ad-29-30/29/31,戰,"rect:x=1346,y=1534,w=115,h=147",ad-29-30
ad-29-30/30/31,過,"rect:x=421,y=1339,w=138,h=147",ad-29-30
ad-29-30/30/37,弗,"rect:x=426,y=2673,w=162,h=144",ad-29-30
ad-29-30/30/21,而,"rect:x=623,y=2031,w=114,h=176",ad-29-30
ad-29-30/30/15,而,"rect:x=610,y=740,w=133,h=136",ad-29-30
ad-29-30/29/20,傷,"rect:x=1543,y=1974,w=110,h=152",ad-29-30
ad-29-30/29/22,弗,"rect:x=1538,y=2375,w=107,h=103",ad-29-30
ad-29-30/30/33,悅,"rect:x=429,y=1746,w=122,h=176",ad-29-30
ad-29-30/30/13,毋,"rect:x=610,y=309,w=117,h=144",ad-29-30
ad-29-30/29/19,收,"rect:x=1538,y=1714,w=110,h=145",ad-29-30
ad-29-30/29/39,復,"rect:x=1160,y=739,w=139,h=206",ad-29-30
ad-29-30/29/9,信,"rect:x=1715,y=2160,w=130,h=166",ad-29-30
ad-29-30/29/8,不,"rect:x=1711,y=1935,w=133,h=139",ad-29-30
ad-29-30/29/30,既,"rect:x=1339,y=1292,w=135,h=144",ad-29-30
ad-29-30/29/12,重,"rect:x=1704,y=2784,w=162,h=183",ad-29-30
ad-29-30/29/15,中,"rect:x=1529,y=847,w=102,h=137",ad-29-30
ad-29-30/30/6,答,"rect:x=801,y=1624,w=120,h=128",ad-29-30
ad-29-30/30/5,乎,"rect:x=801,y=1392,w=123,h=125",ad-29-30
ad-29-30/30/2,戰,"rect:x=793,y=769,w=117,h=163",ad-29-30
ad-29-30/30/12,敗,"rect:x=801,y=2729,w=141,h=138",ad-29-30
ad-29-30/30/10,軍,"rect:x=799,y=2295,w=130,h=157",ad-29-30
ad-29-30/29/5,賞,"rect:x=1725,y=1153,w=112,h=180",ad-29-30
ad-29-30/29/32,之,"rect:x=1342,y=1726,w=129,h=104",ad-29-30
ad-29-30/30/36,民,"rect:x=437,y=2404,w=127,h=160",ad-29-30
ad-29-30/30/30,自,"rect:x=429,y=1163,w=127,h=94",ad-29-30
ad-29-30/30/39,跪,"rect:x=232,y=546,w=146,h=218",ad-29-30
ad-29-30/30/23,其,"rect:x=612,y=2423,w=139,h=106",ad-29-30
ad-29-30/30/16,賞,"rect:x=615,y=937,w=125,h=168",ad-29-30
ad-29-30/30/19,百,"rect:x=618,y=1597,w=114,h=149",ad-29-30
ad-29-30/29/28,心,"rect:x=1346,y=891,w=105,h=201",ad-29-30
ad-31-32/32/1,敵,"rect:x=925,y=448,w=110,h=189",ad-31-32
ad-31-32/31/2,火,"rect:x=1824,y=683,w=107,h=120",ad-31-32
ad-31-32/31/37,子,"rect:x=1436,y=2196,w=102,h=100",ad-31-32
ad-31-32/31/35,不,"rect:x=1450,y=1779,w=110,h=129",ad-31-32
ad-31-32/31/18,者,"rect:x=1649,y=1165,w=106,h=133",ad-31-32
ad-31-32/32/29,先,"rect:x=551,y=1130,w=146,h=200",ad-31-32
ad-31-32/32/24,卒,"rect:x=738,y=2475,w=131,h=165",ad-31-32
ad-31-32/32/26,兵,"rect:x=553,y=384,w=133,h=183",ad-31-32
ad-31-32/32/32,凡,"rect:x=554,y=1645,w=139,h=141",ad-31-32
ad-31-32/32/12,必,"rect:x=911,y=2827,w=131,h=133",ad-31-32
ad-31-32/32/6,命,"rect:x=907,y=1465,w=128,h=131",ad-31-32
ad-31-32/31/3,食,"rect:x=1825,y=875,w=109,h=126",ad-31-32
ad-31-32/31/13,於,"rect:x=1820,y=2812,w=117,h=95",ad-31-32
ad-31-32/31/9,者,"rect:x=1819,y=2047,w=123,h=140",ad-31-32
ad-31-32/31/6,收,"rect:x=1828,y=1478,w=105,h=118",ad-31-32
ad-31-32/31/24,司,"rect:x=1636,y=2441,w=112,h=108",ad-31-32
ad-31-32/31/8,傷,"rect:x=1827,y=1845,w=109,h=146",ad-31-32
ad-31-32/31/21,聚,"rect:x=1648,y=1783,w=110,h=135",ad-31-32
ad-31-32/32/3,順,"rect:x=911,y=903,w=124,h=146",ad-31-32
ad-31-32/32/11,戰,"rect:x=923,y=2586,w=110,h=178",ad-31-32
ad-31-32/32/18,及,"rect:x=740,y=1274,w=129,h=122",ad-31-32
ad-31-32/32/21,奇,"rect:x=742,y=1806,w=119,h=135",ad-31-32
ad-31-32/32/20,之,"rect:x=740,y=1646,w=121,h=97",ad-31-32
ad-31-32/31/39,寡,"rect:x=1444,y=2549,w=129,h=170",ad-31-32
ad-31-32/32/5,天,"rect:x=911,y=1290,w=116,h=125",ad-31-32
ad-31-32/32/8,師,"rect:x=911,y=1847,w=141,h=165",ad-31-32
ad-31-32/32/28,復,"rect:x=555,y=862,w=133,h=204",ad-31-32
ad-31-32/32/33,貴,"rect:x=549,y=1848,w=135,h=169",ad-31-32
ad-31-32/31/11,之,"rect:x=1827,y=2479,w=122,h=79",ad-31-32
ad-31-32/31/10,問,"rect:x=1824,y=2262,w=122,h=139",ad-31-32
ad-31-32/31/15,者,"rect:x=1644,y=528,w=121,h=120",ad-31-32
ad-31-32/31/14,死,"rect:x=1646,y=354,w=125,h=100",ad-31-32
ad-31-32/31/16,為,"rect:x=1649,y=758,w=118,h=116",ad-31-32
ad-31-32/31/23,有,"rect:x=1634,y=2232,w=129,h=97",ad-31-32
ad-31-32/31/28,曰,"rect:x=1454,y=521,w=115,h=119",ad-31-32
ad-31-32/31/38,在,"rect:x=1439,y=2360,w=136,h=112",ad-31-32
ad-31-32/31/36,在,"rect:x=1445,y=2001,w=108,h=115",ad-31-32
ad-31-32/31/22,群,"rect:x=1644,y=2029,w=123,h=131",ad-31-32
ad-31-32/31/27,之,"rect:x=1454,y=356,w=112,h=104",ad-31-32
ad-31-32/31/26,見,"rect:x=1641,y=2817,w=117,h=160",ad-31-32
ad-31-32/31/25,而,"rect:x=1642,y=2614,w=106,h=116",ad-31-32
ad-31-32/31/4,死,"rect:x=1832,y=1071,w=101,h=140",ad-31-32
ad-31-32/31/1,毋,"rect:x=1823,y=479,w=110,h=120",ad-31-32
ad-31-32/32/15,之,"rect:x=736,y=750,w=123,h=99",ad-31-32
ad-31-32/32/19,邦,"rect:x=738,y=1463,w=123,h=122",ad-31-32
ad-31-32/32/31,之,"rect:x=550,y=1553,w=148,h=90",ad-31-32
ad-31-32/32/2,不,"rect:x=913,y=691,w=118,h=129",ad-31-32
ad-31-32/31/5,者,"rect:x=1830,y=1263,w=104,h=122",ad-31-32
ad-31-32/31/17,生,"rect:x=1649,y=962,w=104,h=112",ad-31-32
ad-31-32/31/7,之,"rect:x=1828,y=1686,w=111,h=87",ad-31-32
ad-31-32/31/32,勉,"rect:x=1452,y=1170,w=117,h=151",ad-31-32
ad-31-32/31/30,三,"rect:x=1452,y=809,w=116,h=82",ad-31-32
ad-31-32/32/4,於,"rect:x=915,y=1116,w=114,h=118",ad-31-32
ad-31-32/32/25,撚,"rect:x=734,y=2717,w=133,h=166",ad-31-32
ad-31-32/32/27,毋,"rect:x=559,y=654,w=125,h=145",ad-31-32
ad-31-32/31/42,戰,"rect:x=1270,y=531,w=119,h=174",ad-31-32
ad-31-32/31/31,子,"rect:x=1447,y=980,w=118,h=102",ad-31-32
ad-31-32/31/12,善,"rect:x=1823,y=2629,w=119,h=112",ad-31-32
ad-31-32/31/19,君,"rect:x=1645,y=1374,w=124,h=126",ad-31-32
ad-31-32/31/33,之,"rect:x=1455,y=1377,w=113,h=84",ad-31-32
ad-31-32/31/29,二,"rect:x=1450,y=671,w=126,h=67",ad-31-32
ad-31-32/31/20,必,"rect:x=1638,y=1582,w=121,h=123",ad-31-32
ad-31-32/31/34,過,"rect:x=1451,y=1553,w=112,h=162",ad-31-32
ad-31-32/32/9,將,"rect:x=902,y=2097,w=146,h=141",ad-31-32
ad-31-32/32/30,常,"rect:x=553,y=1392,w=141,h=156",ad-31-32
ad-31-32/32/10,復,"rect:x=907,y=2322,w=137,h=199",ad-31-32
ad-31-32/32/7,返,"rect:x=904,y=1658,w=146,h=144",ad-31-32
ad-31-32/32/13,詔,"rect:x=730,y=323,w=141,h=160",ad-31-32
ad-31-32/32/14,邦,"rect:x=730,y=550,w=137,h=131",ad-31-32
ad-31-32/32/16,貴,"rect:x=742,y=914,w=121,h=162",ad-31-32
ad-31-32/32/23,從,"rect:x=740,y=2274,w=133,h=145",ad-31-32
ad-31-32/32/35,使,"rect:x=547,y=2239,w=145,h=104",ad-31-32
ad-31-32/31/41,吾,"rect:x=1269,y=339,w=127,h=143",ad-31-32
ad-33-34/33/22,戰,"rect:x=1577,y=2539,w=128,h=173",ad-33-34
ad-33-34/34/26,行,"rect:x=526,y=487,w=113,h=140",ad-33-34
ad-33-34/34/33,前,"rect:x=523,y=1918,w=120,h=143",ad-33-34
ad-33-34/34/20,失,"rect:x=707,y=1767,w=100,h=141",ad-33-34
ad-33-34/33/5,進,"rect:x=1744,y=1215,w=119,h=145",ad-33-34
ad-33-34/34/12,澌,"rect:x=888,y=2599,w=119,h=128",ad-33-34
ad-33-34/34/17,就,"rect:x=709,y=1115,w=97,h=143",ad-33-34
ad-33-34/34/32,為,"rect:x=528,y=1704,w=113,h=145",ad-33-34
ad-33-34/33/6,則,"rect:x=1737,y=1421,w=135,h=142",ad-33-34
ad-33-34/34/31,使,"rect:x=533,y=1550,w=101,h=87",ad-33-34
ad-33-34/34/37,來,"rect:x=342,y=265,w=114,h=155",ad-33-34
ad-33-34/33/7,祿,"rect:x=1745,y=1646,w=123,h=225",ad-33-34
ad-33-34/33/18,問,"rect:x=1575,y=1639,w=128,h=116",ad-33-34
ad-33-34/33/12,莫,"rect:x=1583,y=321,w=100,h=177",ad-33-34
ad-33-34/33/14,當,"rect:x=1573,y=757,w=130,h=193",ad-33-34
ad-33-34/34/13,度,"rect:x=697,y=285,w=102,h=128",ad-33-34
ad-33-34/34/4,甲,"rect:x=878,y=979,w=105,h=139",ad-33-34
ad-33-34/34/24,之,"rect:x=706,y=2599,w=110,h=70",ad-33-34
ad-33-34/33/20,復,"rect:x=1577,y=2014,w=122,h=169",ad-33-34
ad-33-34/33/21,班,"rect:x=1579,y=2268,w=122,h=188",ad-33-34
ad-33-34/33/19,曰,"rect:x=1579,y=1846,w=116,h=105",ad-33-34
ad-33-34/33/11,機,"rect:x=1751,y=2618,w=132,h=170",ad-33-34
ad-33-34/34/25,無,"rect:x=538,y=281,w=98,h=121",ad-33-34
ad-33-34/33/4,亡,"rect:x=1744,y=1036,w=131,h=93",ad-33-34
ad-33-34/33/8,爵,"rect:x=1747,y=1926,w=123,h=183",ad-33-34
ad-33-34/34/10,戰,"rect:x=882,y=2153,w=126,h=160",ad-33-34
ad-33-34/34/7,明,"rect:x=872,y=1564,w=118,h=148",ad-33-34
ad-33-34/34/19,凡,"rect:x=709,y=1560,w=100,h=119",ad-33-34
ad-33-34/34/5,利,"rect:x=877,y=1175,w=96,h=125",ad-33-34
ad-33-34/34/14,傷,"rect:x=702,y=483,w=99,h=124",ad-33-34
ad-33-34/33/2,則,"rect:x=1744,y=606,w=119,h=144",ad-33-34
ad-33-34/33/3,見,"rect:x=1750,y=829,w=117,h=148",ad-33-34
ad-33-34/34/3,繕,"rect:x=872,y=702,w=123,h=190",ad-33-34
ad-33-34/34/6,兵,"rect:x=870,y=1357,w=113,h=140",ad-33-34
ad-33-34/34/2,曰,"rect:x=878,y=553,w=107,h=96",ad-33-34
ad-33-34/34/34,行,"rect:x=524,y=2141,w=114,h=104",ad-33-34
ad-33-34/34/30,戰,"rect:x=526,y=1290,w=115,h=160",ad-33-34
ad-33-34/33/17,又,"rect:x=1575,y=1447,w=116,h=125",ad-33-34
ad-33-34/33/10,賞,"rect:x=1755,y=2388,w=122,h=165",ad-33-34
ad-33-34/33/13,之,"rect:x=1573,y=585,w=122,h=93",ad-33-34
ad-33-34/34/22,甲,"rect:x=712,y=2173,w=99,h=155",ad-33-34
ad-33-34/34/29,將,"rect:x=528,y=1066,w=108,h=134",ad-33-34
ad-33-34/34/27,明,"rect:x=534,y=694,w=104,h=157",ad-33-34
ad-33-34/34/9,將,"rect:x=882,y=1924,w=106,h=127",ad-33-34
ad-33-34/34/18,行,"rect:x=710,y=1348,w=89,h=107",ad-33-34
ad-33-34/34/1,中,"rect:x=880,y=368,w=112,h=134",ad-33-34
ad-33-34/34/16,班,"rect:x=700,y=861,w=111,h=147",ad-33-34
ad-33-34/34/11,測,"rect:x=887,y=2398,w=118,h=186",ad-33-34
ad-33-34/34/35,諜,"rect:x=529,y=2327,w=117,h=157",ad-33-34
ad-33-34/33/1,退,"rect:x=1748,y=363,w=107,h=162",ad-33-34
ad-33-34/34/40,其,"rect:x=344,y=761,w=122,h=100",ad-33-34
ad-33-34/33/24,道,"rect:x=1391,y=549,w=128,h=128",ad-33-34
ad-33-34/34/39,曰,"rect:x=344,y=629,w=130,h=96",ad-33-34
ad-33-34/34/38,告,"rect:x=351,y=475,w=98,h=104",ad-33-34
ad-33-34/34/36,人,"rect:x=529,y=2545,w=117,h=107",ad-33-34
ad-33-34/33/9,有,"rect:x=1749,y=2190,w=134,h=107",ad-33-34
ad-33-34/33/15,莊,"rect:x=1573,y=1053,w=120,h=130",ad-33-34
ad-33-34/33/23,有,"rect:x=1391,y=268,w=113,h=135",ad-33-34
ad-33-34/34/15,以,"rect:x=702,y=700,w=107,h=91",ad-33-34
ad-33-34/34/23,命,"rect:x=707,y=2410,w=102,h=112",ad-33-34
ad-33-34/34/21,車,"rect:x=705,y=1974,w=112,h=124",ad-33-34
ad-35-36/35/35,民,"rect:x=1236,y=321,w=122,h=138",ad-35-36
ad-35-36/36/11,鼓,"rect:x=898,y=2566,w=129,h=140",ad-35-36
ad-35-36/36/16,明,"rect:x=700,y=1249,w=128,h=135",ad-35-36
ad-35-36/35/10,將,"rect:x=1785,y=2468,w=122,h=138",ad-35-36
ad-35-36/35/3,既,"rect:x=1784,y=880,w=112,h=149",ad-35-36
ad-35-36/36/28,之,"rect:x=526,y=1502,w=130,h=82",ad-35-36
ad-35-36/36/30,莊,"rect:x=524,y=1946,w=139,h=143",ad-35-36
ad-35-36/36/23,所,"rect:x=522,y=303,w=129,h=117",ad-35-36
ad-35-36/36/15,虜,"rect:x=699,y=1013,w=119,h=154",ad-35-36
ad-35-36/36/4,皆,"rect:x=891,y=1092,w=105,h=134",ad-35-36
ad-35-36/36/20,必,"rect:x=700,y=2169,w=139,h=135",ad-35-36
ad-35-36/36/24,此,"rect:x=520,y=525,w=131,h=95",ad-35-36
ad-35-36/35/23,爾,"rect:x=1605,y=2721,w=125,h=119",ad-35-36
ad-35-36/35/15,白,"rect:x=1598,y=930,w=132,h=124",ad-35-36
ad-35-36/35/20,兵,"rect:x=1601,y=2033,w=119,h=141",ad-35-36
ad-35-36/35/34,使,"rect:x=1423,y=2576,w=124,h=133",ad-35-36
ad-35-36/35/6,輦,"rect:x=1773,y=1565,w=113,h=131",ad-35-36
ad-35-36/35/4,食,"rect:x=1782,y=1096,w=111,h=135",ad-35-36
ad-35-36/35/1,將,"rect:x=1790,y=408,w=111,h=179",ad-35-36
ad-35-36/36/2,龜,"rect:x=887,y=593,w=129,h=146",ad-35-36
ad-35-36/35/2,帥,"rect:x=1782,y=631,w=116,h=163",ad-35-36
ad-35-36/35/8,災,"rect:x=1778,y=2026,w=124,h=174",ad-35-36
ad-35-36/35/9,曰,"rect:x=1784,y=2284,w=123,h=118",ad-35-36
ad-35-36/35/36,疑,"rect:x=1237,y=546,w=132,h=158",ad-35-36
ad-35-36/35/14,命,"rect:x=1606,y=738,w=111,h=100",ad-35-36
ad-35-36/36/25,復,"rect:x=521,y=730,w=127,h=172",ad-35-36
ad-35-36/36/33,問,"rect:x=519,y=2657,w=155,h=130",ad-35-36
ad-35-36/36/26,班,"rect:x=529,y=1008,w=120,h=171",ad-35-36
ad-35-36/35/26,戰,"rect:x=1417,y=798,w=125,h=141",ad-35-36
ad-35-36/35/12,行,"rect:x=1604,y=326,w=113,h=120",ad-35-36
ad-35-36/35/32,怠,"rect:x=1423,y=2111,w=128,h=161",ad-35-36
ad-35-36/35/29,為,"rect:x=1422,y=1524,w=134,h=133",ad-35-36
ad-35-36/36/19,陳,"rect:x=710,y=1928,w=118,h=151",ad-35-36
ad-35-36/36/18,復,"rect:x=699,y=1660,w=133,h=168",ad-35-36
ad-35-36/36/14,其,"rect:x=699,y=831,w=122,h=106",ad-35-36
ad-35-36/36/21,過,"rect:x=697,y=2397,w=148,h=134",ad-35-36
ad-35-36/36/5,曰,"rect:x=888,y=1285,w=108,h=106",ad-35-36
ad-35-36/36/1,爾,"rect:x=891,y=414,w=120,h=120",ad-35-36
ad-35-36/36/6,勝,"rect:x=880,y=1467,w=117,h=190",ad-35-36
ad-35-36/35/37,及,"rect:x=1242,y=748,w=126,h=135",ad-35-36
ad-35-36/35/17,早,"rect:x=1595,y=1360,w=123,h=147",ad-35-36
ad-35-36/35/31,毋,"rect:x=1414,y=1876,w=144,h=161",ad-35-36
ad-35-36/35/21,各,"rect:x=1600,y=2276,w=126,h=124",ad-35-36
ad-35-36/35/25,既,"rect:x=1419,y=575,w=120,h=118",ad-35-36
ad-35-36/35/24,贓,"rect:x=1418,y=340,w=123,h=148",ad-35-36
ad-35-36/35/27,將,"rect:x=1418,y=1020,w=123,h=147",ad-35-36
ad-35-36/35/33,毋,"rect:x=1432,y=2345,w=115,h=131",ad-35-36
ad-35-36/35/30,之,"rect:x=1424,y=1726,w=127,h=88",ad-35-36
ad-35-36/35/11,早,"rect:x=1784,y=2721,w=125,h=172",ad-35-36
ad-35-36/35/7,皆,"rect:x=1775,y=1789,w=124,h=142",ad-35-36
ad-35-36/35/5,車,"rect:x=1777,y=1342,w=109,h=128",ad-35-36
ad-35-36/36/22,其,"rect:x=703,y=2620,w=130,h=120",ad-35-36
ad-35-36/35/28,敷,"rect:x=1419,y=1278,w=137,h=133",ad-35-36
ad-35-36/36/36,甘,"rect:x=336,y=801,w=143,h=115",ad-35-36
ad-35-36/36/7,之,"rect:x=883,y=1696,w=133,h=101",ad-35-36
ad-35-36/36/9,調,"rect:x=889,y=2095,w=147,h=188",ad-35-36
ad-35-36/36/3,筮,"rect:x=887,y=809,w=122,h=181",ad-35-36
ad-35-36/36/35,復,"rect:x=343,y=541,w=132,h=193",ad-35-36
ad-35-36/35/13,乃,"rect:x=1599,y=525,w=123,h=123",ad-35-36
ad-35-36/36/13,屏,"rect:x=698,y=575,w=132,h=179",ad-35-36
ad-35-36/36/12,乃,"rect:x=699,y=310,w=118,h=151",ad-35-36
ad-35-36/35/18,食,"rect:x=1604,y=1598,w=115,h=137",ad-35-36
ad-35-36/35/19,供,"rect:x=1603,y=1836,w=120,h=152",ad-35-36
ad-35-36/35/22,載,"rect:x=1606,y=2468,w=134,h=166",ad-35-36
ad-35-36/36/27,戰,"rect:x=525,y=1265,w=131,h=164",ad-35-36
ad-35-36/36/32,又,"rect:x=530,y=2411,w=137,h=147",ad-35-36
ad-35-36/36/10,爾,"rect:x=898,y=2342,w=127,h=110",ad-35-36
ad-35-36/36/29,道,"rect:x=519,y=1706,w=145,h=141",ad-35-36
ad-35-36/36/8,改,"rect:x=879,y=1900,w=149,h=119",ad-35-36
ad-35-36/36/34,曰,"rect:x=331,y=336,w=139,h=110",ad-35-36
ad-37-38/37/6,曰,"rect:x=1721,y=1535,w=114,h=101",ad-37-38
ad-37-38/37/32,甬,"rect:x=1375,y=2433,w=139,h=157",ad-37-38
ad-37-38/38/8,欲,"rect:x=867,y=2451,w=130,h=132",ad-37-38
ad-37-38/38/22,復,"rect:x=501,y=494,w=135,h=186",ad-37-38
ad-37-38/37/25,獲,"rect:x=1366,y=807,w=142,h=184",ad-37-38
ad-37-38/37/29,勸,"rect:x=1379,y=1744,w=136,h=198",ad-37-38
ad-37-38/37/27,葸,"rect:x=1380,y=1320,w=127,h=156",ad-37-38
ad-37-38/37/26,指,"rect:x=1379,y=1060,w=121,h=167",ad-37-38
ad-37-38/38/2,之,"rect:x=855,y=1090,w=142,h=109",ad-37-38
ad-37-38/38/33,聚,"rect:x=317,y=537,w=143,h=152",ad-37-38
ad-37-38/38/34,之,"rect:x=320,y=751,w=132,h=102",ad-37-38
ad-37-38/37/23,功,"rect:x=1370,y=337,w=126,h=137",ad-37-38
ad-37-38/38/28,答,"rect:x=503,y=1879,w=135,h=169",ad-37-38
ad-37-38/37/10,以,"rect:x=1734,y=2422,w=128,h=100",ad-37-38
ad-37-38/37/18,以,"rect:x=1553,y=1733,w=126,h=103",ad-37-38
ad-37-38/37/14,弗,"rect:x=1557,y=790,w=136,h=133",ad-37-38
ad-37-38/37/9,慎,"rect:x=1727,y=2129,w=142,h=193",ad-37-38
ad-37-38/38/10,之,"rect:x=674,y=323,w=118,h=114",ad-37-38
ad-37-38/37/4,乎,"rect:x=1723,y=1080,w=118,h=139",ad-37-38
ad-37-38/37/1,戰,"rect:x=1720,y=461,w=129,h=165",ad-37-38
ad-37-38/38/1,悔,"rect:x=865,y=818,w=140,h=202",ad-37-38
ad-37-38/37/11,戒,"rect:x=1734,y=2585,w=131,h=151",ad-37-38
ad-37-38/37/34,喜,"rect:x=1196,y=570,w=118,h=175",ad-37-38
ad-37-38/37/31,志,"rect:x=1394,y=2216,w=116,h=132",ad-37-38
ad-37-38/37/33,者,"rect:x=1187,y=309,w=132,h=158",ad-37-38
ad-37-38/38/5,黔,"rect:x=855,y=1696,w=150,h=251",ad-37-38
ad-37-38/38/16,道,"rect:x=669,y=1563,w=131,h=157",ad-37-38
ad-37-38/38/11,此,"rect:x=674,y=540,w=121,h=109",ad-37-38
ad-37-38/38/4,民,"rect:x=860,y=1483,w=113,h=164",ad-37-38
ad-37-38/37/21,過,"rect:x=1560,y=2341,w=116,h=144",ad-37-38
ad-37-38/38/3,萬,"rect:x=860,y=1259,w=133,h=118",ad-37-38
ad-37-38/38/21,曰,"rect:x=496,y=292,w=118,h=142",ad-37-38
ad-37-38/38/30,有,"rect:x=498,y=2316,w=152,h=137",ad-37-38
ad-37-38/37/5,答,"rect:x=1721,y=1301,w=118,h=127",ad-37-38
ad-37-38/38/32,而,"rect:x=317,y=310,w=130,h=154",ad-37-38
ad-37-38/38/25,有,"rect:x=503,y=1221,w=121,h=111",ad-37-38
ad-37-38/38/27,乎,"rect:x=498,y=1679,w=145,h=137",ad-37-38
ad-37-38/38/24,戰,"rect:x=505,y=982,w=128,h=164",ad-37-38
ad-37-38/37/20,必,"rect:x=1560,y=2138,w=132,h=145",ad-37-38
ad-37-38/37/19,同,"rect:x=1562,y=1949,w=124,h=166",ad-37-38
ad-37-38/37/24,賞,"rect:x=1373,y=579,w=118,h=156",ad-37-38
ad-37-38/38/6,首,"rect:x=867,y=2014,w=130,h=109",ad-37-38
ad-37-38/38/12,復,"rect:x=672,y=702,w=123,h=205",ad-37-38
ad-37-38/38/14,戰,"rect:x=672,y=1153,w=125,h=169",ad-37-38
ad-37-38/38/19,又,"rect:x=667,y=2320,w=150,h=126",ad-37-38
ad-37-38/38/29,曰,"rect:x=503,y=2125,w=147,h=118",ad-37-38
ad-37-38/38/20,問,"rect:x=665,y=2523,w=156,h=123",ad-37-38
ad-37-38/38/9,有,"rect:x=860,y=2663,w=157,h=128",ad-37-38
ad-37-38/37/35,之,"rect:x=1189,y=794,w=142,h=116",ad-37-38
ad-37-38/37/22,前,"rect:x=1557,y=2557,w=129,h=154",ad-37-38
ad-37-38/38/15,之,"rect:x=674,y=1392,w=128,h=91",ad-37-38
ad-37-38/38/17,莊,"rect:x=679,y=1855,w=118,h=152",ad-37-38
ad-37-38/38/13,甘,"rect:x=665,y=972,w=125,h=104",ad-37-38
ad-37-38/38/23,苦,"rect:x=508,y=765,w=118,h=149",ad-37-38
ad-37-38/37/30,其,"rect:x=1382,y=2032,w=132,h=107",ad-37-38
ad-37-38/37/28,以,"rect:x=1382,y=1564,w=125,h=84",ad-37-38
ad-37-38/38/7,皆,"rect:x=867,y=2267,w=138,h=114",ad-37-38
ad-37-38/38/26,道,"rect:x=493,y=1435,w=147,h=176",ad-37-38
ad-37-38/38/31,收,"rect:x=491,y=2557,w=145,h=154",ad-37-38
ad-37-38/37/12,若,"rect:x=1565,y=318,w=114,h=134",ad-37-38
ad-37-38/37/17,冒,"rect:x=1562,y=1503,w=121,h=93",ad-37-38
ad-37-38/37/13,將,"rect:x=1558,y=550,w=125,h=130",ad-37-38
ad-37-38/37/15,克,"rect:x=1542,y=989,w=143,h=183",ad-37-38
ad-37-38/37/16,毋,"rect:x=1557,y=1261,w=122,h=137",ad-37-38
ad-37-38/37/8,必,"rect:x=1723,y=1894,w=140,h=140",ad-37-38
ad-37-38/37/7,有,"rect:x=1721,y=1708,w=132,h=111",ad-37-38
ad-37-38/37/2,有,"rect:x=1713,y=702,w=133,h=115",ad-37-38
ad-37-38/37/3,道,"rect:x=1718,y=882,w=128,h=149",ad-37-38
ad-39-40/39/16,使,"rect:x=1614,y=1393,w=118,h=141",ad-39-40
ad-39-40/40/9,之,"rect:x=915,y=2336,w=138,h=104",ad-39-40
ad-39-40/40/11,莊,"rect:x=913,y=2727,w=133,h=162",ad-39-40
ad-39-40/39/31,使,"rect:x=1437,y=2202,w=129,h=102",ad-39-40
ad-39-40/39/7,刑,"rect:x=1797,y=2097,w=133,h=132",ad-39-40
ad-39-40/40/25,曰,"rect:x=555,y=375,w=114,h=132",ad-39-40
ad-39-40/40/26,城,"rect:x=553,y=568,w=110,h=160",ad-39-40
ad-39-40/40/35,不,"rect:x=562,y=2429,w=129,h=142",ad-39-40
ad-39-40/40/21,曰,"rect:x=728,y=2095,w=117,h=97",ad-39-40
ad-39-40/40/13,又,"rect:x=731,y=441,w=151,h=92",ad-39-40
ad-39-40/39/19,良,"rect:x=1617,y=2125,w=131,h=173",ad-39-40
ad-39-40/39/4,重,"rect:x=1795,y=1334,w=117,h=145",ad-39-40
ad-39-40/39/11,死,"rect:x=1623,y=318,w=113,h=141",ad-39-40
ad-39-40/39/5,賞,"rect:x=1787,y=1554,w=142,h=211",ad-39-40
ad-39-40/39/24,耳,"rect:x=1425,y=702,w=134,h=149",ad-39-40
ad-39-40/40/1,然,"rect:x=917,y=445,w=116,h=139",ad-39-40
ad-39-40/40/3,改,"rect:x=906,y=899,w=130,h=165",ad-39-40
ad-39-40/40/28,固,"rect:x=546,y=921,w=123,h=119",ad-39-40
ad-39-40/40/37,邦,"rect:x=384,y=375,w=112,h=134",ad-39-40
ad-39-40/39/6,薄,"rect:x=1793,y=1837,w=136,h=155",ad-39-40
ad-39-40/39/2,厚,"rect:x=1800,y=915,w=123,h=181",ad-39-40
ad-39-40/39/28,起,"rect:x=1436,y=1528,w=113,h=151",ad-39-40
ad-39-40/39/35,使,"rect:x=1256,y=523,w=132,h=100",ad-39-40
ad-39-40/39/32,喜,"rect:x=1432,y=2361,w=132,h=177",ad-39-40
ad-39-40/39/23,其,"rect:x=1425,y=505,w=132,h=146",ad-39-40
ad-39-40/40/22,民,"rect:x=724,y=2268,w=114,h=139",ad-39-40
ad-39-40/40/20,答,"rect:x=733,y=1896,w=116,h=138",ad-39-40
ad-39-40/39/26,其,"rect:x=1429,y=1111,w=130,h=128",ad-39-40
ad-39-40/39/13,見,"rect:x=1621,y=754,w=108,h=154",ad-39-40
ad-39-40/40/15,曰,"rect:x=731,y=757,w=131,h=83",ad-39-40
ad-39-40/40/19,如,"rect:x=722,y=1696,w=127,h=131",ad-39-40
ad-39-40/39/10,其,"rect:x=1798,y=2698,w=117,h=91",ad-39-40
ad-39-40/39/15,生,"rect:x=1619,y=1161,w=110,h=156",ad-39-40
ad-39-40/39/9,忘,"rect:x=1800,y=2501,w=121,h=126",ad-39-40
ad-39-40/39/8,使,"rect:x=1798,y=2314,w=129,h=115",ad-39-40
ad-39-40/39/29,勇,"rect:x=1439,y=1751,w=115,h=127",ad-39-40
ad-39-40/39/33,葸,"rect:x=1432,y=2619,w=130,h=166",ad-39-40
ad-39-40/39/30,者,"rect:x=1435,y=1981,w=123,h=155",ad-39-40
ad-39-40/39/22,取,"rect:x=1427,y=328,w=136,h=113",ad-39-40
ad-39-40/40/5,此,"rect:x=906,y=1402,w=130,h=112",ad-39-40
ad-39-40/40/6,復,"rect:x=906,y=1588,w=134,h=193",ad-39-40
ad-39-40/40/7,苦,"rect:x=913,y=1878,w=133,h=143",ad-39-40
ad-39-40/40/10,道,"rect:x=919,y=2521,w=130,h=140",ad-39-40
ad-39-40/40/8,戰,"rect:x=917,y=2108,w=132,h=167",ad-39-40
ad-39-40/40/29,曰,"rect:x=555,y=1112,w=116,h=110",ad-39-40
ad-39-40/40/30,阻,"rect:x=555,y=1270,w=114,h=178",ad-39-40
ad-39-40/40/34,用,"rect:x=557,y=2200,w=130,h=145",ad-39-40
ad-39-40/40/36,諧,"rect:x=557,y=2630,w=145,h=187",ad-39-40
ad-39-40/40/16,攻,"rect:x=728,y=987,w=132,h=127",ad-39-40
ad-39-40/40/4,怠,"rect:x=910,y=1163,w=110,h=171",ad-39-40
ad-39-40/39/36,悔,"rect:x=1262,y=667,w=121,h=162",ad-39-40
ad-39-40/39/21,往,"rect:x=1625,y=2547,w=130,h=161",ad-39-40
ad-39-40/39/18,車,"rect:x=1621,y=1880,w=117,h=139",ad-39-40
ad-39-40/39/27,志,"rect:x=1433,y=1307,w=130,h=151",ad-39-40
ad-39-40/39/17,良,"rect:x=1621,y=1615,w=123,h=148",ad-39-40
ad-39-40/39/20,士,"rect:x=1623,y=2374,w=121,h=98",ad-39-40
ad-39-40/39/25,使,"rect:x=1429,y=920,w=126,h=136",ad-39-40
ad-39-40/40/23,有,"rect:x=715,y=2451,w=149,h=158",ad-39-40
ad-39-40/40/27,曰,"rect:x=555,y=759,w=110,h=99",ad-39-40
ad-39-40/39/1,而,"rect:x=1802,y=679,w=119,h=157",ad-39-40
ad-39-40/39/34,者,"rect:x=1252,y=323,w=127,h=149",ad-39-40
ad-39-40/40/33,盡,"rect:x=559,y=1928,w=128,h=163",ad-39-40
ad-39-40/40/31,三,"rect:x=557,y=1544,w=119,h=112",ad-39-40
ad-39-40/40/32,者,"rect:x=562,y=1709,w=122,h=162",ad-39-40
ad-39-40/39/12,而,"rect:x=1621,y=508,w=108,h=155",ad-39-40
ad-39-40/39/14,其,"rect:x=1619,y=969,w=106,h=126",ad-39-40
ad-39-40/39/3,之,"rect:x=1797,y=1149,w=132,h=94",ad-39-40
ad-39-40/40/18,奚,"rect:x=728,y=1450,w=121,h=167",ad-39-40
ad-39-40/40/14,問,"rect:x=733,y=540,w=125,h=116",ad-39-40
ad-39-40/40/24,寶,"rect:x=726,y=2718,w=134,h=169",ad-39-40
ad-39-40/40/17,者,"rect:x=733,y=1196,w=116,h=147",ad-39-40
ad-41-42/41/27,如,"rect:x=1379,y=791,w=112,h=130",ad-41-42
ad-41-42/41/29,曰,"rect:x=1379,y=1182,w=109,h=96",ad-41-42
ad-41-42/42/24,諸,"rect:x=681,y=2591,w=119,h=134",ad-41-42
ad-41-42/42/10,且,"rect:x=858,y=2230,w=121,h=160",ad-41-42
ad-41-42/41/16,國,"rect:x=1555,y=797,w=110,h=89",ad-41-42
ad-41-42/41/12,以,"rect:x=1756,y=2616,w=105,h=106",ad-41-42
ad-41-42/42/15,大,"rect:x=662,y=765,w=117,h=153",ad-41-42
ad-41-42/42/7,之,"rect:x=849,y=1628,w=125,h=79",ad-41-42
ad-41-42/42/14,於,"rect:x=665,y=585,w=107,h=104",ad-41-42
ad-41-42/41/32,必,"rect:x=1380,y=1767,w=100,h=140",ad-41-42
ad-41-42/42/2,城,"rect:x=858,y=619,w=122,h=143",ad-41-42
ad-41-42/42/11,輯,"rect:x=866,y=2471,w=104,h=194",ad-41-42
ad-41-42/42/21,起,"rect:x=670,y=2029,w=134,h=139",ad-41-42
ad-41-42/41/21,問,"rect:x=1570,y=1822,w=109,h=125",ad-41-42
ad-41-42/41/25,者,"rect:x=1381,y=311,w=105,h=135",ad-41-42
ad-41-42/42/22,志,"rect:x=680,y=2222,w=115,h=88",ad-41-42
ad-41-42/42/28,莊,"rect:x=490,y=1072,w=121,h=130",ad-41-42
ad-41-42/42/17,親,"rect:x=667,y=1244,w=113,h=163",ad-41-42
ad-41-42/41/33,足,"rect:x=1380,y=1972,w=100,h=114",ad-41-42
ad-41-42/41/13,攻,"rect:x=1559,y=307,w=111,h=118",ad-41-42
ad-41-42/41/3,忧,"rect:x=1736,y=874,w=104,h=126",ad-41-42
ad-41-42/41/6,者,"rect:x=1733,y=1512,w=122,h=141",ad-41-42
ad-41-42/41/18,莊,"rect:x=1556,y=1166,w=122,h=144",ad-41-42
ad-41-42/41/28,答,"rect:x=1380,y=1001,w=110,h=121",ad-41-42
ad-41-42/42/13,紀,"rect:x=660,y=359,w=110,h=151",ad-41-42
ad-41-42/42/26,寡,"rect:x=490,y=557,w=109,h=157",ad-41-42
ad-41-42/42/33,所,"rect:x=502,y=2255,w=132,h=135",ad-41-42
ad-41-42/42/36,一,"rect:x=313,y=541,w=120,h=68",ad-41-42
ad-41-42/42/32,有,"rect:x=507,y=1988,w=121,h=149",ad-41-42
ad-41-42/42/35,之,"rect:x=312,y=350,w=131,h=103",ad-41-42
ad-41-42/42/34,聞,"rect:x=501,y=2495,w=125,h=119",ad-41-42
ad-41-42/42/9,和,"rect:x=857,y=2036,w=124,h=132",ad-41-42
ad-41-42/42/4,足,"rect:x=859,y=1035,w=118,h=113",ad-41-42
ad-41-42/42/19,天,"rect:x=674,y=1652,w=108,h=129",ad-41-42
ad-41-42/42/16,國,"rect:x=663,y=994,w=111,h=187",ad-41-42
ad-41-42/41/20,又,"rect:x=1562,y=1611,w=119,h=129",ad-41-42
ad-41-42/42/1,其,"rect:x=862,y=420,w=111,h=117",ad-41-42
ad-41-42/41/26,奚,"rect:x=1381,y=548,w=107,h=159",ad-41-42
ad-41-42/41/17,有,"rect:x=1562,y=943,w=105,h=121",ad-41-42
ad-41-42/41/22,曰,"rect:x=1569,y=2057,w=109,h=80",ad-41-42
ad-41-42/41/14,人,"rect:x=1557,y=435,w=114,h=72",ad-41-42
ad-41-42/41/5,攻,"rect:x=1730,y=1285,w=123,h=144",ad-41-42
ad-41-42/41/9,其,"rect:x=1745,y=2065,w=121,h=99",ad-41-42
ad-41-42/41/10,所,"rect:x=1748,y=2229,w=113,h=119",ad-41-42
ad-41-42/42/3,固,"rect:x=857,y=864,w=114,h=115",ad-41-42
ad-41-42/42/6,捍,"rect:x=859,y=1421,w=106,h=133",ad-41-42
ad-41-42/42/31,吾,"rect:x=503,y=1766,w=111,h=143",ad-41-42
ad-41-42/42/8,下,"rect:x=847,y=1779,w=141,h=190",ad-41-42
ad-41-42/41/4,善,"rect:x=1732,y=1078,w=119,h=132",ad-41-42
ad-41-42/41/2,以,"rect:x=1728,y=712,w=119,h=88",ad-41-42
ad-41-42/41/24,守,"rect:x=1570,y=2448,w=104,h=152",ad-41-42
ad-41-42/41/7,必,"rect:x=1737,y=1739,w=124,h=146",ad-41-42
ad-41-42/41/11,有,"rect:x=1747,y=2387,w=121,h=164",ad-41-42
ad-41-42/41/8,以,"rect:x=1744,y=1933,w=116,h=107",ad-41-42
ad-41-42/41/30,其,"rect:x=1378,y=1351,w=108,h=110",ad-41-42
ad-41-42/41/31,食,"rect:x=1382,y=1555,w=100,h=155",ad-41-42
ad-41-42/41/23,善,"rect:x=1562,y=2232,w=123,h=136",ad-41-42
ad-41-42/42/27,出,"rect:x=491,y=821,w=112,h=171",ad-41-42
ad-41-42/42/12,絓,"rect:x=862,y=2733,w=116,h=147",ad-41-42
ad-41-42/42/18,之,"rect:x=670,y=1480,w=107,h=107",ad-41-42
ad-41-42/41/15,所,"rect:x=1557,y=518,w=113,h=201",ad-41-42
ad-41-42/41/1,家,"rect:x=1727,y=457,w=114,h=155",ad-41-42
ad-41-42/42/30,曰,"rect:x=489,y=1560,w=127,h=109",ad-41-42
ad-41-42/42/38,言,"rect:x=315,y=848,w=106,h=175",ad-41-42
ad-43-44/43/20,於,"rect:x=1600,y=1747,w=138,h=146",ad-43-44
ad-43-44/43/14,乎,"rect:x=1609,y=518,w=120,h=138",ad-43-44
ad-43-44/43/24,非,"rect:x=1608,y=2684,w=138,h=121",ad-43-44
ad-43-44/43/18,明,"rect:x=1600,y=1326,w=144,h=102",ad-43-44
ad-43-44/44/26,聞,"rect:x=704,y=2626,w=119,h=148",ad-43-44
ad-43-44/44/11,小,"rect:x=885,y=2575,w=112,h=108",ad-43-44
ad-43-44/44/15,欲,"rect:x=714,y=617,w=116,h=112",ad-43-44
ad-43-44/44/32,天,"rect:x=536,y=1341,w=113,h=150",ad-43-44
ad-43-44/44/28,昔,"rect:x=528,y=533,w=115,h=126",ad-43-44
ad-43-44/43/33,此,"rect:x=1432,y=2008,w=149,h=117",ad-43-44
ad-43-44/43/38,莊,"rect:x=1240,y=549,w=129,h=148",ad-43-44
ad-43-44/43/15,答,"rect:x=1611,y=733,w=110,h=129",ad-43-44
ad-43-44/43/17,有,"rect:x=1606,y=1110,w=125,h=141",ad-43-44
ad-43-44/43/11,往,"rect:x=1771,y=2552,w=139,h=133",ad-43-44
ad-43-44/44/24,曰,"rect:x=709,y=2243,w=112,h=115",ad-43-44
ad-43-44/44/27,之,"rect:x=528,y=325,w=115,h=102",ad-43-44
ad-43-44/44/16,聞,"rect:x=716,y=731,w=124,h=89",ad-43-44
ad-43-44/44/36,以,"rect:x=538,y=2180,w=124,h=109",ad-43-44
ad-43-44/43/36,至,"rect:x=1427,y=2614,w=134,h=140",ad-43-44
ad-43-44/43/35,王,"rect:x=1430,y=2419,w=139,h=125",ad-43-44
ad-43-44/44/42,身,"rect:x=340,y=844,w=138,h=109",ad-43-44
ad-43-44/43/6,出,"rect:x=1779,y=1554,w=125,h=102",ad-43-44
ad-43-44/43/16,曰,"rect:x=1613,y=912,w=110,h=121",ad-43-44
ad-43-44/43/4,歡,"rect:x=1786,y=1073,w=116,h=229",ad-43-44
ad-43-44/44/5,言,"rect:x=896,y=1310,w=106,h=133",ad-43-44
ad-43-44/44/2,曰,"rect:x=893,y=610,w=100,h=113",ad-43-44
ad-43-44/44/41,其,"rect:x=340,y=720,w=133,h=111",ad-43-44
ad-43-44/43/37,道,"rect:x=1236,y=303,w=146,h=187",ad-43-44
ad-43-44/43/31,知,"rect:x=1427,y=1617,w=136,h=158",ad-43-44
ad-43-44/44/14,一,"rect:x=717,y=503,w=114,h=65",ad-43-44
ad-43-44/44/12,道,"rect:x=887,y=2793,w=110,h=126",ad-43-44
ad-43-44/44/6,寔,"rect:x=896,y=1553,w=123,h=126",ad-43-44
ad-43-44/44/13,吾,"rect:x=712,y=319,w=116,h=158",ad-43-44
ad-43-44/44/30,起,"rect:x=529,y=909,w=114,h=168",ad-43-44
ad-43-44/44/23,答,"rect:x=712,y=2084,w=104,h=126",ad-43-44
ad-43-44/44/20,所,"rect:x=711,y=1352,w=110,h=142",ad-43-44
ad-43-44/43/22,神,"rect:x=1606,y=2228,w=130,h=150",ad-43-44
ad-43-44/44/4,吾,"rect:x=896,y=1085,w=116,h=169",ad-43-44
ad-43-44/44/3,沫,"rect:x=889,y=818,w=111,h=189",ad-43-44
ad-43-44/44/25,臣,"rect:x=709,y=2435,w=107,h=122",ad-43-44
ad-43-44/44/35,各,"rect:x=531,y=1993,w=133,h=135",ad-43-44
ad-43-44/44/31,於,"rect:x=528,y=1168,w=115,h=95",ad-43-44
ad-43-44/44/29,之,"rect:x=534,y=742,w=101,h=101",ad-43-44
ad-43-44/43/12,有,"rect:x=1783,y=2756,w=121,h=152",ad-43-44
ad-43-44/43/13,之,"rect:x=1613,y=317,w=114,h=102",ad-43-44
ad-43-44/43/7,言,"rect:x=1779,y=1740,w=131,h=160",ad-43-44
ad-43-44/43/9,軍,"rect:x=1777,y=2085,w=119,h=159",ad-43-44
ad-43-44/43/3,皆,"rect:x=1792,y=830,w=110,h=150",ad-43-44
ad-43-44/44/10,或,"rect:x=887,y=2361,w=117,h=136",ad-43-44
ad-43-44/44/19,之,"rect:x=714,y=1179,w=116,h=90",ad-43-44
ad-43-44/44/21,曹,"rect:x=721,y=1569,w=99,h=178",ad-43-44
ad-43-44/44/17,三,"rect:x=719,y=823,w=112,h=83",ad-43-44
ad-43-44/44/40,及,"rect:x=340,y=521,w=147,h=129",ad-43-44
ad-43-44/43/32,之,"rect:x=1438,y=1823,w=127,h=94",ad-43-44
ad-43-44/43/34,先,"rect:x=1446,y=2190,w=127,h=152",ad-43-44
ad-43-44/43/29,唯,"rect:x=1432,y=1211,w=125,h=150",ad-43-44
ad-43-44/43/26,以,"rect:x=1423,y=526,w=142,h=100",ad-43-44
ad-43-44/43/19,詑,"rect:x=1602,y=1510,w=131,h=179",ad-43-44
ad-43-44/43/10,皆,"rect:x=1777,y=2310,w=127,h=134",ad-43-44
ad-43-44/43/21,鬼,"rect:x=1611,y=1966,w=114,h=179",ad-43-44
ad-43-44/43/8,三,"rect:x=1781,y=1950,w=123,h=92",ad-43-44
ad-43-44/43/30,君,"rect:x=1430,y=1432,w=151,h=122",ad-43-44
ad-43-44/43/28,民,"rect:x=1432,y=946,w=127,h=150",ad-43-44
ad-43-44/44/34,者,"rect:x=529,y=1734,w=135,h=159",ad-43-44
ad-43-44/44/7,不,"rect:x=894,y=1757,w=120,h=177",ad-43-44
ad-43-44/43/25,所,"rect:x=1427,y=324,w=129,h=146",ad-43-44
ad-43-44/44/8,如,"rect:x=890,y=1971,w=114,h=94",ad-43-44
ad-43-44/44/18,代,"rect:x=711,y=978,w=117,h=111",ad-43-44
ad-43-44/44/37,其,"rect:x=536,y=2344,w=123,h=112",ad-43-44
ad-43-44/44/38,世,"rect:x=533,y=2536,w=134,h=172",ad-43-44
ad-43-44/44/39,以,"rect:x=342,y=322,w=141,h=127",ad-43-44
ad-43-44/43/5,一,"rect:x=1779,y=1388,w=129,h=91",ad-43-44
ad-43-44/43/1,三,"rect:x=1790,y=407,w=114,h=102",ad-43-44
ad-43-44/43/2,軍,"rect:x=1786,y=586,w=124,h=192",ad-43-44
ad-43-44/43/27,教,"rect:x=1425,y=734,w=132,h=158",ad-43-44
ad-43-44/43/23,或,"rect:x=1604,y=2451,w=132,h=154",ad-43-44
ad-45-46/45/15,古,"rect:x=1522,y=712,w=115,h=143",ad-45-46
ad-45-46/45/23,大,"rect:x=1553,y=2327,w=105,h=92",ad-45-46
ad-45-46/45/25,焉,"rect:x=1354,y=300,w=112,h=130",ad-45-46
ad-45-46/45/33,驕,"rect:x=1384,y=2065,w=96,h=166",ad-45-46
ad-45-46/45/35,以,"rect:x=1377,y=2597,w=114,h=103",ad-45-46
ad-45-46/45/26,必,"rect:x=1359,y=488,w=114,h=152",ad-45-46
ad-45-46/45/2,與,"rect:x=1698,y=594,w=120,h=125",ad-45-46
ad-45-46/45/4,亦,"rect:x=1717,y=1006,w=112,h=89",ad-45-46
ad-45-46/46/13,然,"rect:x=662,y=937,w=124,h=108",ad-45-46
ad-45-46/46/14,而,"rect:x=664,y=1064,w=119,h=127",ad-45-46
ad-45-46/46/16,古,"rect:x=670,y=1347,w=119,h=151",ad-45-46
ad-45-46/45/18,而,"rect:x=1530,y=1346,w=117,h=132",ad-45-46
ad-45-46/45/16,答,"rect:x=1530,y=914,w=113,h=129",ad-45-46
ad-45-46/45/1,今,"rect:x=1699,y=399,w=121,h=120",ad-45-46
ad-45-46/45/29,以,"rect:x=1365,y=1275,w=111,h=115",ad-45-46
ad-45-46/45/24,道,"rect:x=1556,y=2523,w=106,h=158",ad-45-46
ad-45-46/45/21,亦,"rect:x=1549,y=1936,w=107,h=107",ad-45-46
ad-45-46/45/37,之,"rect:x=1167,y=549,w=115,h=102",ad-45-46
ad-45-46/46/1,亦,"rect:x=823,y=410,w=114,h=141",ad-45-46
ad-45-46/46/4,夫,"rect:x=836,y=1085,w=125,h=132",ad-45-46
ad-45-46/46/9,矣,"rect:x=865,y=2329,w=127,h=347",ad-45-46
ad-45-46/45/3,古,"rect:x=1706,y=802,w=118,h=128",ad-45-46
ad-45-46/45/10,是,"rect:x=1733,y=2168,w=121,h=135",ad-45-46
ad-45-46/45/13,敢,"rect:x=1522,y=329,w=112,h=128",ad-45-46
ad-45-46/46/11,敢,"rect:x=651,y=617,w=111,h=135",ad-45-46
ad-45-46/46/12,答,"rect:x=667,y=783,w=101,h=130",ad-45-46
ad-45-46/46/2,唯,"rect:x=823,y=625,w=124,h=148",ad-45-46
ad-45-46/45/22,有,"rect:x=1556,y=2100,w=95,h=140",ad-45-46
ad-45-46/45/19,亦,"rect:x=1541,y=1566,w=106,h=106",ad-45-46
ad-45-46/45/6,不,"rect:x=1723,y=1327,w=122,h=140",ad-45-46
ad-45-46/45/36,失,"rect:x=1166,y=325,w=118,h=162",ad-45-46
ad-45-46/45/39,其,"rect:x=1175,y=869,w=125,h=122",ad-45-46
ad-45-46/46/10,L,"rect:x=643,y=368,w=125,h=161",ad-45-46
ad-45-46/45/17,然,"rect:x=1536,y=1132,w=109,h=128",ad-45-46
ad-45-46/45/5,多,"rect:x=1720,y=1162,w=120,h=84",ad-45-46
ad-45-46/45/34,泰,"rect:x=1384,y=2330,w=107,h=141",ad-45-46
ad-45-46/45/30,得,"rect:x=1374,y=1427,w=98,h=166",ad-45-46
ad-45-46/46/3,聞,"rect:x=826,y=881,w=124,h=138",ad-45-46
ad-45-46/45/38,君,"rect:x=1172,y=713,w=123,h=126",ad-45-46
ad-45-46/46/15,亦,"rect:x=670,y=1199,w=113,h=135",ad-45-46
ad-45-46/46/7,桀,"rect:x=852,y=1837,w=122,h=164",ad-45-46
ad-45-46/46/6,湯,"rect:x=858,y=1562,w=119,h=182",ad-45-46
ad-45-46/45/20,古,"rect:x=1549,y=1743,w=105,h=125",ad-45-46
ad-45-46/45/12,不,"rect:x=1737,y=2563,w=130,h=154",ad-45-46
ad-45-46/45/14,以,"rect:x=1522,y=550,w=110,h=100",ad-45-46
ad-45-46/45/9,臣,"rect:x=1734,y=1993,w=127,h=106",ad-45-46
ad-45-46/45/8,矣,"rect:x=1725,y=1703,w=129,h=137",ad-45-46
ad-45-46/45/7,同,"rect:x=1725,y=1541,w=131,h=119",ad-45-46
ad-45-46/45/27,恭,"rect:x=1361,y=712,w=105,h=176",ad-45-46
ad-45-46/45/32,而,"rect:x=1377,y=1825,w=101,h=163",ad-45-46
ad-45-46/45/28,儉,"rect:x=1356,y=1009,w=122,h=171",ad-45-46
ad-45-46/45/31,之,"rect:x=1372,y=1680,w=109,h=94",ad-45-46
ad-45-46/46/8,紂,"rect:x=850,y=2088,w=116,h=212",ad-45-46
ad-45-46/46/5,禹,"rect:x=855,y=1337,w=116,h=174",ad-45-46
sb-10-11-12-13/13/23,之,"rect:x=408,y=1265,w=91,h=72",sb-10-11-12-13
sb-10-11-12-13/13/26,謀,"rect:x=407,y=1656,w=74,h=83",sb-10-11-12-13
sb-10-11-12-13/13/29,固,"rect:x=403,y=2034,w=75,h=71",sb-10-11-12-13
sb-10-11-12-13/13/28,無,"rect:x=406,y=1919,w=71,h=54",sb-10-11-12-13
sb-10-11-12-13/13/24,有,"rect:x=407,y=1385,w=75,h=68",sb-10-11-12-13
sb-10-11-12-13/13/22,聞,"rect:x=405,y=1148,w=78,h=71",sb-10-11-12-13
sb-10-11-12-13/13/27,而,"rect:x=403,y=1795,w=77,h=66",sb-10-11-12-13
sb-10-11-12-13/13/25,固,"rect:x=407,y=1521,w=76,h=68",sb-10-11-12-13
sb-10-11-12-13/13/30,城,"rect:x=402,y=2166,w=82,h=81",sb-10-11-12-13
sb-10-11-12-13/13/21,臣,"rect:x=409,y=1031,w=78,h=64",sb-10-11-12-13
sb-20-21-22-25/21/11,爵,"rect:x=1379,y=1805,w=66,h=124",sb-20-21-22-25
sb-20-21-22-25/21/12,有,"rect:x=1380,y=1978,w=59,h=88",sb-20-21-22-25
sb-20-21-22-25/21/13,德,"rect:x=1379,y=2136,w=62,h=100",sb-20-21-22-25
sb-20-21-22-25/21/14,凡,"rect:x=1379,y=2288,w=65,h=72",sb-20-21-22-25
sb-20-21-22-25/21/10,賞,"rect:x=1383,y=1650,w=56,h=104",sb-20-21-22-25
sb-20-21-22-25/21/15,畜,"rect:x=1377,y=2433,w=69,h=103",sb-20-21-22-25
sb-14-17-18-19/17/8,怨,"rect:x=1334,y=1345,w=62,h=105",sb-14-17-18-19
sb-14-17-18-19/14/3,政,"rect:x=1727,y=746,w=62,h=108",sb-14-17-18-19
sb-14-17-18-19/14/4,而,"rect:x=1724,y=922,w=65,h=97",sb-14-17-18-19
sb-14-17-18-19/17/6,先,"rect:x=1326,y=1090,w=73,h=88",sb-14-17-18-19
sb-14-17-18-19/14/2,克,"rect:x=1724,y=578,w=70,h=122",sb-14-17-18-19
sb-14-17-18-19/14/5,無,"rect:x=1724,y=1080,w=67,h=84",sb-14-17-18-19
sb-14-17-18-19/17/13,而,"rect:x=1333,y=2086,w=67,h=85",sb-14-17-18-19
sb-14-17-18-19/17/11,毋,"rect:x=1333,y=1804,w=64,h=90",sb-14-17-18-19
sb-14-17-18-19/17/7,作,"rect:x=1326,y=1213,w=69,h=96",sb-14-17-18-19
sb-14-17-18-19/17/15,取,"rect:x=1195,y=322,w=68,h=96",sb-14-17-18-19
sb-14-17-18-19/17/12,先,"rect:x=1333,y=1941,w=64,h=87",sb-14-17-18-19
sb-14-17-18-19/14/6,克,"rect:x=1719,y=1197,w=69,h=105",sb-14-17-18-19
sb-14-17-18-19/14/7,陳,"rect:x=1724,y=1337,w=64,h=84",sb-14-17-18-19
sb-14-17-18-19/14/1,有,"rect:x=1730,y=443,w=67,h=90",sb-14-17-18-19
sb-14-17-18-19/17/10,地,"rect:x=1333,y=1648,w=67,h=105",sb-14-17-18-19
sb-14-17-18-19/17/9,疆,"rect:x=1333,y=1494,w=67,h=113",sb-14-17-18-19
sb-14-17-18-19/17/14,必,"rect:x=1338,y=2227,w=61,h=84",sb-14-17-18-19
sb-37b-41-4-5/5/8,云,"rect:x=668,y=1319,w=76,h=104",sb-37b-41-4-5
sb-37b-41-4-5/5/4,曰,"rect:x=672,y=832,w=72,h=74",sb-37b-41-4-5
sb-37b-41-4-5/5/9,臣,"rect:x=669,y=1459,w=67,h=87",sb-37b-41-4-5
sb-37b-41-4-5/5/16,君,"rect:x=666,y=2339,w=68,h=81",sb-37b-41-4-5
sb-37b-41-4-5/5/11,之,"rect:x=662,y=1714,w=85,h=81",sb-37b-41-4-5
sb-37b-41-4-5/5/29,不,"rect:x=480,y=1720,w=87,h=107",sb-37b-41-4-5
sb-37b-41-4-5/5/32,亡,"rect:x=484,y=2086,w=72,h=77",sb-37b-41-4-5
sb-37b-41-4-5/5/27,於,"rect:x=481,y=1448,w=77,h=99",sb-37b-41-4-5
sb-37b-41-4-5/5/21,以,"rect:x=487,y=674,w=67,h=76",sb-37b-41-4-5
sb-37b-41-4-5/41/15,曰,"rect:x=1291,y=2167,w=69,h=68",sb-37b-41-4-5
sb-37b-41-4-5/5/10,聞,"rect:x=671,y=1584,w=69,h=82",sb-37b-41-4-5
sb-37b-41-4-5/5/13,鄰,"rect:x=668,y=1973,w=71,h=91",sb-37b-41-4-5
sb-37b-41-4-5/5/3,沫,"rect:x=675,y=656,w=72,h=117",sb-37b-41-4-5
sb-37b-41-4-5/5/30,然,"rect:x=486,y=1846,w=69,h=94",sb-37b-41-4-5
sb-37b-41-4-5/5/14,邦,"rect:x=670,y=2114,w=64,h=87",sb-37b-41-4-5
sb-37b-41-4-5/5/23,修,"rect:x=488,y=924,w=66,h=78",sb-37b-41-4-5
sb-37b-41-4-5/5/24,政,"rect:x=488,y=1053,w=68,h=82",sb-37b-41-4-5
sb-37b-41-4-5/5/22,不,"rect:x=488,y=794,w=63,h=91",sb-37b-41-4-5
sb-37b-41-4-5/5/15,之,"rect:x=666,y=2238,w=71,h=69",sb-37b-41-4-5
sb-37b-41-4-5/4/15,人,"rect:x=981,y=2162,w=72,h=114",sb-37b-41-4-5
sb-37b-41-4-5/4/11,孰,"rect:x=986,y=1606,w=68,h=87",sb-37b-41-4-5
sb-37b-41-4-5/41/13,莊,"rect:x=1296,y=1904,w=64,h=79",sb-37b-41-4-5
sb-37b-41-4-5/4/13,併,"rect:x=985,y=1904,w=66,h=84",sb-37b-41-4-5
sb-37b-41-4-5/5/17,明,"rect:x=663,y=2473,w=78,h=79",sb-37b-41-4-5
sb-37b-41-4-5/5/19,不,"rect:x=486,y=417,w=69,h=96",sb-37b-41-4-5
sb-37b-41-4-5/5/12,曰,"rect:x=668,y=1848,w=71,h=73",sb-37b-41-4-5
sb-37b-41-4-5/5/31,恐,"rect:x=485,y=1963,w=73,h=100",sb-37b-41-4-5
sb-37b-41-4-5/4/8,可,"rect:x=997,y=1214,w=61,h=86",sb-37b-41-4-5
sb-37b-41-4-5/4/7,既,"rect:x=997,y=1071,w=60,h=80",sb-37b-41-4-5
sb-37b-41-4-5/4/3,下,"rect:x=997,y=511,w=60,h=76",sb-37b-41-4-5
sb-37b-41-4-5/4/4,之,"rect:x=996,y=641,w=62,h=78",sb-37b-41-4-5
sb-37b-41-4-5/5/5,君,"rect:x=669,y=953,w=72,h=89",sb-37b-41-4-5
sb-37b-41-4-5/5/26,善,"rect:x=488,y=1306,w=74,h=102",sb-37b-41-4-5
sb-37b-41-4-5/5/28,民,"rect:x=488,y=1576,w=70,h=106",sb-37b-41-4-5
sb-37b-41-4-5/5/25,而,"rect:x=483,y=1176,w=71,h=98",sb-37b-41-4-5
sb-37b-41-4-5/5/20,可,"rect:x=484,y=543,w=71,h=90",sb-37b-41-4-5
sb-37b-41-4-5/41/14,公,"rect:x=1294,y=2042,w=65,h=73",sb-37b-41-4-5
sb-37b-41-4-5/41/11,是,"rect:x=1297,y=1627,w=61,h=87",sb-37b-41-4-5
sb-37b-41-4-5/4/1,今,"rect:x=1000,y=247,w=62,h=83",sb-37b-41-4-5
sb-37b-41-4-5/5/7,毋,"rect:x=672,y=1208,w=64,h=73",sb-37b-41-4-5
sb-37b-41-4-5/5/6,其,"rect:x=673,y=1088,w=63,h=80",sb-37b-41-4-5
sb-37b-41-4-5/5/2,曹,"rect:x=672,y=535,w=83,h=84",sb-37b-41-4-5
sb-37b-41-4-5/41/12,存,"rect:x=1295,y=1770,w=64,h=101",sb-37b-41-4-5
sb-37b-41-4-5/4/14,兼,"rect:x=981,y=2042,w=70,h=91",sb-37b-41-4-5
sb-37b-41-4-5/4/9,知,"rect:x=990,y=1345,w=65,h=91",sb-37b-41-4-5
sb-37b-41-4-5/5/18,則,"rect:x=480,y=263,w=74,h=113",sb-37b-41-4-5
sb-37b-41-4-5/5/1,哉,"rect:x=677,y=403,w=72,h=89",sb-37b-41-4-5
sb-37b-41-4-5/5/33,焉,"rect:x=482,y=2207,w=75,h=91",sb-37b-41-4-5
sb-37b-41-4-5/4/2,天,"rect:x=997,y=373,w=63,h=93",sb-37b-41-4-5
sb-37b-41-4-5/4/5,君,"rect:x=993,y=798,w=65,h=83",sb-37b-41-4-5
sb-37b-41-4-5/4/6,子,"rect:x=992,y=939,w=66,h=87",sb-37b-41-4-5
sb-37b-41-4-5/4/10,已,"rect:x=989,y=1495,w=62,h=78",sb-37b-41-4-5
sb-37b-41-4-5/4/12,能,"rect:x=983,y=1765,w=71,h=84",sb-37b-41-4-5
sb-6-7a-8b-9/6/4,君,"rect:x=1708,y=773,w=71,h=88",sb-6-7a-8b-9
sb-6-7a-8b-9/6/29,施,"rect:x=1550,y=1571,w=72,h=91",sb-6-7a-8b-9
sb-6-7a-8b-9/7a/3,得,"rect:x=1247,y=675,w=73,h=85",sb-6-7a-8b-9
sb-6-7a-8b-9/6/34,曰,"rect:x=1550,y=2241,w=68,h=84",sb-6-7a-8b-9
sb-6-7a-8b-9/7a/12,爾,"rect:x=1244,y=1834,w=64,h=98",sb-6-7a-8b-9
sb-6-7a-8b-9/6/18,民,"rect:x=1696,y=2491,w=84,h=92",sb-6-7a-8b-9
sb-6-7a-8b-9/6/9,不,"rect:x=1706,y=1400,w=69,h=78",sb-6-7a-8b-9
sb-6-7a-8b-9/6/15,而,"rect:x=1707,y=2126,w=60,h=86",sb-6-7a-8b-9
sb-6-7a-8b-9/6/31,語,"rect:x=1554,y=1823,w=73,h=86",sb-6-7a-8b-9
sb-6-7a-8b-9/6/19,不,"rect:x=1545,y=319,w=82,h=107",sb-6-7a-8b-9
sb-6-7a-8b-9/6/20,然,"rect:x=1554,y=461,w=73,h=84",sb-6-7a-8b-9
sb-6-7a-8b-9/7a/7,天,"rect:x=1245,y=1169,w=70,h=114",sb-6-7a-8b-9
sb-6-7a-8b-9/7a/13,言,"rect:x=1238,y=1957,w=79,h=131",sb-6-7a-8b-9
sb-6-7a-8b-9/6/10,可,"rect:x=1703,y=1508,w=70,h=89",sb-6-7a-8b-9
sb-6-7a-8b-9/6/7,則,"rect:x=1708,y=1153,w=67,h=92",sb-6-7a-8b-9
sb-6-7a-8b-9/6/3,之,"rect:x=1710,y=653,w=69,h=77",sb-6-7a-8b-9
sb-6-7a-8b-9/6/2,邦,"rect:x=1713,y=556,w=64,h=74",sb-6-7a-8b-9
sb-6-7a-8b-9/6/25,莊,"rect:x=1549,y=1039,w=71,h=100",sb-6-7a-8b-9
sb-6-7a-8b-9/7a/4,之,"rect:x=1247,y=792,w=66,h=87",sb-6-7a-8b-9
sb-6-7a-8b-9/6/5,亡,"rect:x=1708,y=897,w=67,h=73",sb-6-7a-8b-9
sb-6-7a-8b-9/6/6,道,"rect:x=1708,y=1021,w=67,h=84",sb-6-7a-8b-9
sb-6-7a-8b-9/6/32,寡,"rect:x=1550,y=1948,w=68,h=128",sb-6-7a-8b-9
sb-6-7a-8b-9/6/23,取,"rect:x=1549,y=794,w=76,h=92",sb-6-7a-8b-9
sb-6-7a-8b-9/6/24,之,"rect:x=1554,y=920,w=71,h=94",sb-6-7a-8b-9
sb-6-7a-8b-9/6/12,不,"rect:x=1703,y=1748,w=70,h=82",sb-6-7a-8b-9
sb-6-7a-8b-9/6/13,修,"rect:x=1702,y=1863,w=71,h=84",sb-6-7a-8b-9
sb-6-7a-8b-9/6/21,亡,"rect:x=1549,y=572,w=73,h=85",sb-6-7a-8b-9
sb-6-7a-8b-9/7a/8,命,"rect:x=1242,y=1322,w=76,h=131",sb-6-7a-8b-9
sb-6-7a-8b-9/6/11,以,"rect:x=1703,y=1636,w=75,h=71",sb-6-7a-8b-9
sb-6-7a-8b-9/6/8,亦,"rect:x=1706,y=1283,w=68,h=87",sb-6-7a-8b-9
sb-6-7a-8b-9/6/14,政,"rect:x=1700,y=1990,w=83,h=85",sb-6-7a-8b-9
sb-6-7a-8b-9/6/17,於,"rect:x=1698,y=2365,w=69,h=83",sb-6-7a-8b-9
sb-6-7a-8b-9/6/16,善,"rect:x=1698,y=2246,w=78,h=85",sb-6-7a-8b-9
sb-6-7a-8b-9/6/27,曰,"rect:x=1549,y=1283,w=74,h=73",sb-6-7a-8b-9
sb-6-7a-8b-9/6/28,昔,"rect:x=1543,y=1420,w=82,h=99",sb-6-7a-8b-9
sb-6-7a-8b-9/6/22,以,"rect:x=1549,y=689,w=73,h=76",sb-6-7a-8b-9
sb-6-7a-8b-9/7a/6,之,"rect:x=1247,y=1053,w=68,h=82",sb-6-7a-8b-9
sb-6-7a-8b-9/7a/5,失,"rect:x=1240,y=906,w=71,h=96",sb-6-7a-8b-9
sb-6-7a-8b-9/7a/1,君,"rect:x=1249,y=451,w=62,h=80",sb-6-7a-8b-9
sb-6-7a-8b-9/6/1,鄰,"rect:x=1710,y=449,w=62,h=85",sb-6-7a-8b-9
