ID,Language_ID,Parameter_ID,Form,Segments,Comment,Source,Character,Entry_IDS,Middle_Chinese_Forms,Old_Chinese_Forms,Glosses
word-ad-1,OldChinese,, *r.ŋˤaʔ,,,,魯,1 20,luX // luX, *r.ŋˤaʔ // *[r]ˤaʔ //  *r.ŋˤaʔ // *[r]ˤaʔ,
word-ad-2,OldChinese,,*[ts]raŋ,,,,莊公,2 110 179 254 459 521 593 680 716 757 893 945 982 1018 1054 1097 1233 1355 1414 1477 1519 1567 1617,tsrjang // kuwng // tsrjang // kuwng // tsrjang // kuwng // tsrjang // kuwng // tsrjang // kuwng // tsrjang // kuwng // tsrjang // kuwng // tsrjang // kuwng // tsrjang // kuwng // tsrjang // kuwng // tsrjang // kuwng // tsrjang // kuwng // tsrjang // kuwng // tsrjang // tsrjang // kuwng // tsrjang // kuwng // tsrjang // kuwng // tsrjang // kuwng // tsrjang // kuwng // tsrjang // kuwng // tsrjang // kuwng // tsrjang // kuwng // tsrjang // kuwng,*[ts]raŋ // *C.qˤoŋ // *[ts]raŋ // *C.qˤoŋ // *[ts]raŋ // *C.qˤoŋ // *[ts]raŋ // *C.qˤoŋ // *[ts]raŋ // *C.qˤoŋ // *[ts]raŋ // *C.qˤoŋ // *[ts]raŋ // *C.qˤoŋ // *[ts]raŋ // *C.qˤoŋ // *[ts]raŋ // *C.qˤoŋ // *[ts]raŋ // *C.qˤoŋ // *[ts]raŋ // *C.qˤoŋ // *[ts]raŋ // *C.qˤoŋ // *[ts]raŋ // *C.qˤoŋ // *[ts]raŋ // *[ts]raŋ // *C.qˤoŋ // *[ts]raŋ // *C.qˤoŋ // *[ts]raŋ // *C.qˤoŋ // *[ts]raŋ // *C.qˤoŋ // *[ts]raŋ // *C.qˤoŋ // *[ts]raŋ // *C.qˤoŋ // *[ts]raŋ // *C.qˤoŋ // *[ts]raŋ // *C.qˤoŋ // *[ts]raŋ // *C.qˤoŋ,
word-ad-3,OldChinese,,*[ts]aŋ,,,,將,3 666 966 1124 1190 1261 1280 1292 1301 1317 1373,tsjang // tsjang // tsjang // tsjang // tsjang // tsjang // tsjang // tsjang // tsjang // tsjang // tsjang,*[ts]aŋ // *[ts]aŋ // *[ts]aŋ // *[ts]aŋ // *[ts]aŋ // *[ts]aŋ // *[ts]aŋ  // *[ts]aŋ // *[ts]aŋ // *[ts]aŋ // *[ts]aŋ,
word-ad-4,OldChinese,, *ɢʷ(r)aj,,,,為,4 410 461 517 523 589 596 616 652 663 719 760 784 1156 1283 1319,hjwe // // // hjweH // hjwe // // // hjweH // hjwe // // // hjweH // hjwe // // // hjweH // hjwe // // // hjweH // hjwe // // // hjweH // hjwe // // // hjweH // hjwe // // // hjweH // hjwe // // // hjweH // hjwe // // // hjweH // hjwe // // // hjweH // hjwe // // // hjweH // hjwe // // // hjweH // hjwe // // // hjweH // hjwe // // // hjweH // hjwe // // // hjweH, *ɢʷ(r)aj // *ɢʷ(r)aj-s //  *ɢʷ(r)aj // *ɢʷ(r)aj-s //  *ɢʷ(r)aj // *ɢʷ(r)aj-s //  *ɢʷ(r)aj // *ɢʷ(r)aj-s //  *ɢʷ(r)aj // *ɢʷ(r)aj-s //  *ɢʷ(r)aj // *ɢʷ(r)aj-s //  *ɢʷ(r)aj // *ɢʷ(r)aj-s //  *ɢʷ(r)aj // *ɢʷ(r)aj-s //  *ɢʷ(r)aj // *ɢʷ(r)aj-s //  *ɢʷ(r)aj // *ɢʷ(r)aj-s //  *ɢʷ(r)aj // *ɢʷ(r)aj-s //  *ɢʷ(r)aj // *ɢʷ(r)aj-s //  *ɢʷ(r)aj // *ɢʷ(r)aj-s //  *ɢʷ(r)aj // *ɢʷ(r)aj-s //  *ɢʷ(r)aj // *ɢʷ(r)aj-s //  *ɢʷ(r)aj // *ɢʷ(r)aj-s,
word-ad-5,OldChinese,,*lˤa[t]-s,,,,大,5 45 356 532 553 1112 1555 1557 1677,dajH // dajH // dajH // dajH // dajH // dajH // dajH // dajH // dajH,*lˤa[t]-s // *lˤa[t]-s // *lˤa[t]-s // *lˤa[t]-s // *lˤa[t]-s // *lˤa[t]-s // *lˤa[t]-s // *lˤa[t]-s // *lˤa[t]-s,
word-ad-6,OldChinese,,*toŋ,,,,鍾,6 43 265,tsyowng // tsyowng // tsyowng,*toŋ // *toŋ // *toŋ,
word-ad-7,OldChinese,,*gˤeŋ,,,,型,7 266,heng // heng,*gˤeŋ // *gˤeŋ,
word-ad-8,OldChinese,,*[k]ə[t]-s,,,,既,8 116 947 1058 1086 1093 1246 1294 1315,kj+jH // kj+jH // kj+jH // kj+jH // kj+jH // kj+jH // kj+jH // kj+jH // kj+jH,*[k]ə[t]-s // *[k]ə[t]-s // *[k]ə[t]-s // *[k]ə[t]-s // *[k]ə[t]-s // *[k]ə[t]-s // *[k]ə[t]-s // *[k]ə[t]-s // *[k]ə[t]-s,
word-ad-9,OldChinese,,*m-[d]eŋ,,,,成,9 948 1002,dzyeng // dzyeng // dzyeng,*m-[d]eŋ // *m-[d]eŋ // *m-[d]eŋ,
word-ad-10,OldChinese,,*qəʔ,,,,矣,10 950 1663 1702,hiX // hiX // hiX // hiX,*qəʔ // *qəʔ // *qəʔ // *qəʔ,
word-ad-11,OldChinese,,*N-tsˤu,,,,曹沫,11 126 198 300 316 466 528 1636,dzaw // mat // dzaw // mat // dzaw // mat // dzaw // mat // dzaw // mat // dzaw // mat // dzaw // mat // dzaw // mat,*N-tsˤu // *mˤat // *N-tsˤu // *mˤat // *N-tsˤu // *mˤat // *N-tsˤu // *mˤat // *N-tsˤu // *mˤat // *N-tsˤu // *mˤat // *N-tsˤu // *mˤat // *N-tsˤu // *mˤat,
word-ad-12,OldChinese,,*n[u]p,,,,入,12,nyip,*n[u]p,
word-ad-13,OldChinese,, *N-[k]ˤen-s,,,,見,13 624 1166 1221 1444,henH // // // kenH // // // henH // henH // // // kenH // // // henH // henH // // // kenH // // // henH // henH // // // kenH // // // henH // henH // // // kenH // // // henH, *N-[k]ˤen-s // *[k]ˤen-s // *m-[k]ˤen-s //  *N-[k]ˤen-s // *[k]ˤen-s // *m-[k]ˤen-s //  *N-[k]ˤen-s // *[k]ˤen-s // *m-[k]ˤen-s //  *N-[k]ˤen-s // *[k]ˤen-s // *m-[k]ˤen-s //  *N-[k]ˤen-s // *[k]ˤen-s // *m-[k]ˤen-s,
word-ad-14,OldChinese,,*[ɢ]ʷat,,,,曰,14 85 111 127 135 180 185 199 214 255 301 318 460 468 506 522 529 602 681 689 723 764 788 894 901 946 957 985 994 1021 1027 1057 1064 1100 1108 1168 1236 1244 1255 1290 1300 1358 1366 1417 1425 1480 1485 1489 1491 1493 1522 1529 1570 1594 1618 1638,hjwot // hjwot // hjwot // hjwot // hjwot // hjwot // hjwot // hjwot // hjwot // hjwot // hjwot // hjwot // hjwot // hjwot // hjwot // hjwot // hjwot // hjwot // hjwot // hjwot // hjwot // hjwot // hjwot // hjwot // mjut // hjwot // hjwot // hjwot // hjwot // hjwot // hjwot // hjwot // hjwot // hjwot // hjwot // hjwot // hjwot // hjwot // hjwot // hjwot // hjwot // hjwot // hjwot // hjwot // hjwot // hjwot // hjwot // hjwot // hjwot // hjwot // hjwot // hjwot // hjwot // hjwot // hjwot // hjwot // hjwot,*[ɢ]ʷat // *[ɢ]ʷat // *[ɢ]ʷat // *[ɢ]ʷat // *[ɢ]ʷat // *[ɢ]ʷat // *[ɢ]ʷat // *[ɢ]ʷat // *[ɢ]ʷat // *[ɢ]ʷat // *[ɢ]ʷat // *[ɢ]ʷat // *[ɢ]ʷat // *[ɢ]ʷat // *[ɢ]ʷat // *[ɢ]ʷat // *[ɢ]ʷat // *[ɢ]ʷat // *[ɢ]ʷat // *[ɢ]ʷat // *[ɢ]ʷat // *[ɢ]ʷat // *[ɢ]ʷat // *[ɢ]ʷat // *[ɢ]ʷat // *[ɢ]ʷat // *[ɢ]ʷat // *[ɢ]ʷat // *[ɢ]ʷat // *[ɢ]ʷat // *[ɢ]ʷat // *[ɢ]ʷat // *[ɢ]ʷat // *[ɢ]ʷat // *[ɢ]ʷat // *[ɢ]ʷat // *[ɢ]ʷat // *[ɢ]ʷat // *[ɢ]ʷat // *[ɢ]ʷat // *[ɢ]ʷat // *[ɢ]ʷat // *[ɢ]ʷat // *[ɢ]ʷat // *[ɢ]ʷat // *[ɢ]ʷat // *[ɢ]ʷat // *[ɢ]ʷat // *[ɢ]ʷat // *[ɢ]ʷat // *[ɢ]ʷat // *[ɢ]ʷat // *[ɢ]ʷat // *[ɢ]ʷat // *[ɢ]ʷat // *[ɢ]ʷat,
word-ad-15,OldChinese,,*[s]Ak,,,,昔,15 51 79 181 1642,sjek // sjek // sjek // sjek // sjek,*[s]Ak // *[s]Ak // *[s]Ak // *[s]Ak // *[s]Ak,
word-ad-16,OldChinese,,*tiw,,,,周,16 80,tsyuw // tsyuw,*tiw // *tiw,
word-ad-17,OldChinese,,*s.ti[t],,,,室,17 81,syit // syit,*s.ti[t] // *s.ti[t],
word-ad-18,OldChinese,,*tə,,,,之,18 49 53 114 134 138 158 178 188 190 205 213 221 321 338 350 352 415 417 448 505 511 555 584 621 733 738 744 756 781 816 820 903 912 941 961 975 979 998 1015 1031 1036 1045 1095 1147 1151 1167 1173 1196 1200 1210 1231 1276 1320 1333 1353 1395 1399 1407 1412 1430 1434 1475 1515 1535 1540 1546 1560 1575 1591 1611 1634 1641 1643 1685 1691,tsyi // tsyi // tsyi // tsyi // tsyi // tsyi // tsyi // tsyi // tsyi // tsyi // tsyi // tsyi // tsyi // tsyi // tsyi // tsyi // tsyi // tsyi // tsyi // tsyi // tsyi // tsyi // tsyi // tsyi // tsyi // tsyi // tsyi // tsyi // tsyi // tsyi // tsyi // tsyi // tsyi // tsyi // tsyi // tsyi // tsyi // tsyi // tsyi // tsyi // tsyi // tsyi // tsyi // tsyi // tsyi // tsyi // tsyi // tsyi // tsyi // tsyi // tsyi // tsyi // tsyi // tsyi // tsyi // tsyi // tsyi // tsyi // tsyi // tsyi // tsyi // tsyi // tsyi // tsyi // tsyi // tsyi // tsyi // tsyi // tsyi // tsyi // tsyi // tsyi // tsyi // tsyi // tsyi // tsyi,*tə // *tə // *tə // *tə // *tə // *tə // *tə // *tə // *tə // *tə // *tə // *tə // *tə // *tə // *tə // *tə // *tə // *tə // *tə // *tə // *tə // *tə // *tə // *tə // *tə // *tə // *tə // *tə // *tə // *tə // *tə // *tə // *tə // *tə // *tə // *tə // *tə // *tə // *tə // *tə // *tə // *tə // *tə // *tə // *tə // *tə // *tə // *tə // *tə // *tə // *tə // *tə // *tə // *tə // *tə // *tə // *tə // *tə // *tə // *tə // *tə // *tə // *tə // *tə // *tə // *tə // *tə // *tə // *tə // *tə // *tə // *tə // *tə // *tə // *tə // *tə,
word-ad-19,OldChinese,,*p(r)oŋ,,,,封,19 39,pjowng // pjowng,*p(r)oŋ // *p(r)oŋ,
word-ad-20,OldChinese,,*lAjʔ,,,,也,21 50 56 207 294 412 705 837 844 944 981 1017,yaeX // (dzyoX) // yaeX // (dzyoX) // yaeX // (dzyoX) // yaeX // (dzyoX) // yaeX // (dzyoX) // yaeX // (dzyoX) // yaeX // (dzyoX) // yaeX // (dzyoX) // yaeX // (dzyoX) // yaeX // (dzyoX) // yaeX // (dzyoX) // yaeX // (dzyoX),*lAjʔ // *lAjʔ // *lAjʔ // *lAjʔ // *lAjʔ // *lAjʔ // *lAjʔ // *lAjʔ // *lAjʔ // *lAjʔ // *lAjʔ // *lAjʔ,
word-ad-21,OldChinese,,*tˤoŋ,,,,東,22,tuwng,*tˤoŋ,
word-ad-22,OldChinese,,*s-nˤər,,,,西,23,sej,*s-nˤər,
word-ad-23,OldChinese,,*[tsʰ]i[t],,,,七,24,tshit,*[tsʰ]i[t],
word-ad-24,OldChinese,,*pˤrak,,,,百,25 29 795 799,paek // paek // paek // paek,*pˤrak // *pˤrak // *pˤrak // *pˤrak,
word-ad-25,OldChinese,,*nˤ[ə]m,,,,南,26,nom,*nˤ[ə]m,
word-ad-26,OldChinese,,*pˤək,,,,北,27,pok,*pˤək,
word-ad-27,OldChinese,,*C.ŋˤaʔ,,,,五,28 628 638,nguX // nguX // nguX,*C.ŋˤaʔ // *C.ŋˤaʔ // *C.ŋˤaʔ,
word-ad-28,OldChinese,,*pajʔ,,,,彼,30 32,pjeX // pjeX,*pajʔ // *pajʔ,
word-ad-29,OldChinese,,*s-ŋrar,,,,山,31,srean,*s-ŋrar,
word-ad-30,OldChinese,,*lˤrak,,,,澤,33,draek,*lˤrak,
word-ad-31,OldChinese,,*ma,,,,無,34 200 225 247 540 547 566 569 749 1277 1517,mju // (mu) // mju // (mu) // mju // (mu) // mju // (mu) // mju // (mu) // mju // (mu) // mju // (mu) // mju // (mu) // mju // (mu) // mju // (mu) // mju // (mu),*ma // *mo // *ma // *ma // *mo // *ma // *ma // *mo // *ma // *ma // *mo // *ma // *ma // *mo // *ma // *ma // *mo // *ma // *ma // *mo // *ma // *ma // *mo // *ma // *ma // *mo // *ma // *ma // *mo // *ma // *ma // *mo // *ma,
word-ad-32,OldChinese,,*[ɢ]ʷəʔ,,,,有,35 67 82 104 243 251 292 322 329 403 483 488 504 537 543 551 560 631 644 808 811 822 826 829 886 953 958 990 995 1023 1028 1060 1065 1089 1104 1109 1163 1227 1240 1245 1362 1367 1406 1421 1426 1487 1511 1518 1572 1590 1595 1676,hjuwX // hjuwX // hjuwX // hjuwX // hjuwX // hjuwX // hjuwX // hjuwX // hjuwX // hjuwX // hjuwX // hjuwX // hjuwX // hjuwX // hjuwX // hjuwX // hjuwX // hjuwX // hjuwX // hjuwX // hjuwX // hjuwX // hjuwX // hjuwX // hjuwX // hjuwX // hjuwX // hjuwX // hjuwX // hjuwX // hjuwX // hjuwX // hjuwX // hjuwX // hjuwX // hjuwX // hjuwX // hjuwX // hjuwX // hjuwX // hjuwX // hjuwX // hjuwX // hjuwX // hjuwX // hjuwX // hjuwX // hjuwX // hjuwX // hjuwX // hjuwX // hjuwX,*[ɢ]ʷəʔ // *[ɢ]ʷəʔ // *[ɢ]ʷəʔ // *[ɢ]ʷəʔ // *[ɢ]ʷəʔ // *[ɢ]ʷəʔ // *[ɢ]ʷəʔ // *[ɢ]ʷəʔ // *[ɢ]ʷəʔ // *[ɢ]ʷəʔ // *[ɢ]ʷəʔ // *[ɢ]ʷəʔ // *[ɢ]ʷəʔ // *[ɢ]ʷəʔ // *[ɢ]ʷəʔ // *[ɢ]ʷəʔ // *[ɢ]ʷəʔ // *[ɢ]ʷəʔ // *[ɢ]ʷəʔ // *[ɢ]ʷəʔ // *[ɢ]ʷəʔ // *[ɢ]ʷəʔ // *[ɢ]ʷəʔ // *[ɢ]ʷəʔ // *[ɢ]ʷəʔ // *[ɢ]ʷəʔ // *[ɢ]ʷəʔ // *[ɢ]ʷəʔ // *[ɢ]ʷəʔ // *[ɢ]ʷəʔ // *[ɢ]ʷəʔ // *[ɢ]ʷəʔ // *[ɢ]ʷəʔ // *[ɢ]ʷəʔ // *[ɢ]ʷəʔ // *[ɢ]ʷəʔ // *[ɢ]ʷəʔ // *[ɢ]ʷəʔ // *[ɢ]ʷəʔ // *[ɢ]ʷəʔ // *[ɢ]ʷəʔ // *[ɢ]ʷəʔ // *[ɢ]ʷəʔ // *[ɢ]ʷəʔ // *[ɢ]ʷəʔ // *[ɢ]ʷəʔ // *[ɢ]ʷəʔ // *[ɢ]ʷəʔ // *[ɢ]ʷəʔ // *[ɢ]ʷəʔ // *[ɢ]ʷəʔ // *[ɢ]ʷəʔ,
word-ad-33,OldChinese,,*pə,,,,不,36 70 90 142 144 151 164 166 173 236 271 274 277 281 285 363 418 422 426 430 434 438 452 585 700 703 706 709 711 714 747 751 840 842 845 848 850 853 855 859 877 883 905 914 970 1032 1037 1041 1070 1076 1175 1183 1499 1623 1661 1666,pjuw // (bijX) // pjuw // (bijX) // pjuw // (bijX) // pjuw // (bijX) // pjuw // (bijX) // pjuw // (bijX) // pjuw // (bijX) // pjuw // (bijX) // pjuw // (bijX) // pjuw // (bijX) // pjuw // (bijX) // pjuw // (bijX) // pjuw // (bijX) // pjuw // (bijX) // pjuw // (bijX) // pjuw // (bijX) // pjuw // (bijX) // pjuw // (bijX) // pjuw // (bijX) // pjuw // (bijX) // pjuw // (bijX) // pjuw // (bijX) // pjuw // (bijX) // pjuw // (bijX) // pjuw // (bijX) // pjuw // (bijX) // pjuw // (bijX) // pjuw // (bijX) // pjuw // (bijX) // pjuw // (bijX) // pjuw // (bijX) // pjuw // (bijX) // pjuw // (bijX) // pjuw // (bijX) // pjuw // (bijX) // pjuw // (bijX) // pjuw // (bijX) // pjuw // (bijX) // pjuw // (bijX) // pjuw // (bijX) // pjuw // (bijX) // pjuw // (bijX) // pjuw // (bijX) // pjuw // (bijX) // pjuw // (bijX) // pjuw // (bijX) // pjuw // (bijX) // pjuw // (bijX) // pjuw // (bijX) // pjuw // (bijX) // pjuw // (bijX) // pjuw // (bijX) // pjuw // (bijX) // pjuw // (bijX) // pjuw // (bijX) // pjuw // (bijX),*pə // *pə // *pə // *pə // *pə // *pə // *pə // *pə // *pə // *pə // *pə // *pə // *pə // *pə // *pə // *pə // *pə // *pə // *pə // *pə // *pə // *pə // *pə // *pə // *pə // *pə // *pə // *pə // *pə // *pə // *pə // *pə // *pə // *pə // *pə // *pə // *pə // *pə // *pə // *pə // *pə // *pə // *pə // *pə // *pə // *pə // *pə // *pə // *pə // *pə // *pə // *pə // *pə // *pə // *pə // *pə,
word-ad-34,OldChinese,,*mi[ŋ],,,,民,37 150 172 471 475 510 564 679 754 779 814 1136 1325 1401 1486 1607,mjin // mjin // mjin // mjin // mjin // mjin // mjin // mjin // mjin // mjin // mjin // mjin // mjin // mjin // mjin // mjin,*mi[ŋ] // *mi[ŋ] // *mi[ŋ] // *mi[ŋ] // *mi[ŋ] // *mi[ŋ] // *mi[ŋ] // *mi[ŋ] // *mi[ŋ] // *mi[ŋ] // *mi[ŋ] // *mi[ŋ] // *mi[ŋ] // *mi[ŋ] // *mi[ŋ] // *mi[ŋ],
word-ad-35,OldChinese,,*[k]r[ə]m,,,,今,38 112 193 1656,kim // kim // kim // kim,*[k]r[ə]m // *[k]r[ə]m // *[k]r[ə]m // *[k]r[ə]m,
word-ad-36,OldChinese,,*m-nə[r],,,,彌,40,mjie,*m-nə[r],
word-ad-37,OldChinese,,*[s]ewʔ,,,,小,41 353 1626,sjewX // sjewX // sjewX,*[s]ewʔ // *[s]ewʔ // *[s]ewʔ,
word-ad-38,OldChinese,,*nə,,,,而,42 65 74 87 92 147 169 219 228 267 290 297 325 332 372 479 485 572 577 657 1088 1116 1121 1165 1428 1432 1443 1672 1686 1706,nyi // nyi // nyi // nyi // nyi // nyi // nyi // nyi // nyi // nyi // nyi // nyi // nyi // nyi // nyi // nyi // nyi // nyi // nyi // nyi // nyi // nyi // nyi // nyi // nyi // nyi // nyi // nyi // nyi // nyi,*nə // *nə // *nə // *nə // *nə // *nə // *nə // *nə // *nə // *nə // *nə // *nə // *nə // *nə // *nə // *nə // *nə // *nə // *nə // *nə // *nə // *nə // *nə // *nə // *nə // *nə // *nə // *nə // *nə // *nə,
word-ad-39,OldChinese,,*loʔ,,,,愈,44,yuX,*loʔ,
word-ad-40,OldChinese,,*C.qur,,,,君,46 128 139 159 208 450 534 724 740 830 936 1125 1159 1609 1692,kjun // kjun // kjun // kjun // kjun // kjun // kjun // tsiX // kjun // kjun // kjun // kjun // kjun // kjun // kjun // kjun,*C.qur // *C.qur // *C.qur // *C.qur // *C.qur // *C.qur // *C.qur //  *[ts]əʔ // *tsəʔ // *C.qur // *C.qur // *C.qur // *C.qur // *C.qur // *C.qur // *C.qur // *C.qur,
word-ad-41,OldChinese,,*gə,,,,其,47 129 388 456 582 965 1029 1034 1039 1066 1072 1123 1291 1340 1347 1390 1441 1445 1454 1457 1509 1530 1536 1541 1650 1654 1693,gi // gi // gi // gi // gi // gi // gi // gi // gi // gi // gi // gi // gi // gi // gi // gi // gi // gi // gi // gi // gi // gi // gi // gi // gi // gi // gi,*gə // *gə // *gə // *gə // *gə // *gə // *gə // *gə // *gə // *gə // *gə // *gə // *gə // *gə // *gə // *gə // *gə // *gə // *gə // *gə // *gə // *gə // *gə // *gə // *gə // *gə // *gə,
word-ad-42,OldChinese,,*[d]ˤa,,,,圖,48,du,*[d]ˤa,
word-ad-43,OldChinese,,*[ŋ]ˤew,,,,堯,52,ngew,*[ŋ]ˤew,
word-ad-44,OldChinese,,*qʰaŋʔ,,,,饗,54,xjangX,*qʰaŋʔ,
word-ad-45,OldChinese,,*[s.t]u[n]-s,,,,舜,55,sywinH,*[s.t]u[n]-s,
word-ad-46,OldChinese,,*bo[n]ʔ,,,,飯,57,bjonX,*bo[n]ʔ,
word-ad-47,OldChinese,,*[ʔ]ˤa,,,,於,58 62 72 76 149 171 195 203 299 420 428 436 463 503 519 525 579 591 598 678 767 772 1134 1153 1185 1252 1554 1598 1645,u // u // u // u // u // u // u // u // u // u // u // u // u // u // u // u // u // u // u // u // u // u // u // u // u // u // u // u // u,*[ʔ]ˤa // *[ʔ]ˤa // *[ʔ]ˤa // *[ʔ]ˤa // *[ʔ]ˤa // *[ʔ]ˤa // *[ʔ]ˤa // *[ʔ]ˤa // *[ʔ]ˤa // *[ʔ]ˤa // *[ʔ]ˤa // *[ʔ]ˤa // *[ʔ]ˤa // *[ʔ]ˤa // *[ʔ]ˤa // *[ʔ]ˤa // *[ʔ]ˤa // *[ʔ]ˤa // *[ʔ]ˤa // *[ʔ]ˤa // *[ʔ]ˤa // *[ʔ]ˤa // *[ʔ]ˤa // *[ʔ]ˤa // *[ʔ]ˤa // *[ʔ]ˤa // *[ʔ]ˤa // *[ʔ]ˤa // *[ʔ]ˤa,
word-ad-48,OldChinese,,*tʰˤaʔ,,,,土,59 63,thuX // (duX) // thuX // (duX),*tʰˤaʔ // *tʰˤaʔ,
word-ad-49,OldChinese,,*p(r)uʔ,,,,塯,60,pjuwX // (bijX),*p(r)uʔ,
word-ad-50,OldChinese,,*s.tʰrə,,,,欼,61,tsrhiX,*s.tʰrə,
word-ad-51,OldChinese,,*gˤeŋ,,,,鉶,64,heng,*gˤeŋ,
word-ad-52,OldChinese,,*[pʰ](r)aʔ,,,,撫,66,phjuX,*[pʰ](r)aʔ,
word-ad-53,OldChinese,,*l̥ˤi[n],,,,天下,68 113 1561 1646,then // haeH // then // haeH // then // haeH // then // haeH,*l̥ˤi[n] // *m-gˤraʔ-s // *l̥ˤi[n] // *m-gˤraʔ-s // *l̥ˤi[n] // *m-gˤraʔ-s // *l̥ˤi[n] // *m-gˤraʔ-s,
word-ad-54,OldChinese,,*[tsʰ]e(j)ʔ,,,,此,69 260 514 682 831 939 976 1012 1043 1092 1349 1408 1471 1612,tshjeX // tshjeX // tshjeX // tshjeX // tshjeX // tshjeX // tshjeX // tshjeX // tshjeX // tshjeX // tshjeX // tshjeX // tshjeX // tshjeX,*[tsʰ]e(j)ʔ // *[tsʰ]e(j)ʔ // *[tsʰ]e(j)ʔ // *[tsʰ]e(j)ʔ // *[tsʰ]e(j)ʔ // *[tsʰ]e(j)ʔ // *[tsʰ]e(j)ʔ // *[tsʰ]e(j)ʔ // *[tsʰ]e(j)ʔ // *[tsʰ]e(j)ʔ // *[tsʰ]e(j)ʔ // *[tsʰ]e(j)ʔ // *[tsʰ]e(j)ʔ // *[tsʰ]e(j)ʔ,
word-ad-55,OldChinese,,*[b]rə[n],,,,貧,71,bin,*[b]rə[n],
word-ad-56,OldChinese,,*[m]rəjʔ,,,,美,73,mijX,*[m]rəjʔ,
word-ad-57,OldChinese,,*pək-s,,,,富,75,pjuwH,*pək-s,
word-ad-58,OldChinese,,*tˤək,,,,德,77 489,tok // tok,*tˤək // *tˤək,
word-ad-59,OldChinese,,*ɢ(r)a(ʔ)(-s),,,,歟,78,yo // / // yoX // / // yoH,*ɢ(r)a(ʔ)(-s),
word-ad-60,OldChinese,,*kˤrək-s,,,,戒,83 690 1371,keajH // keajH // keajH,*kˤrək-s // *kˤrək-s // *kˤrək-s,
word-ad-61,OldChinese,, *ŋa[n],,,,言,84 197 206 261 1578 1585 1621,ngjon // ngjon // ngjon // ngjon // ngjon // ngjon // ngjon, *ŋa[n] // *ŋa[n] // *ŋa[n] // *ŋa[r] //  *ŋa[n] // *ŋa[n] // *ŋa[n] // *ŋa[r] //  *ŋa[n] // *ŋa[n] // *ŋa[n] // *ŋa[r] //  *ŋa[n] // *ŋa[n] // *ŋa[n] // *ŋa[r] //  *ŋa[n] // *ŋa[n] // *ŋa[n] // *ŋa[r] //  *ŋa[n] // *ŋa[n] // *ŋa[n] // *ŋa[r] //  *ŋa[n] // *ŋa[n] // *ŋa[n] // *ŋa[r],
word-ad-62,OldChinese,,*[ŋ]o[n]-s,,,,願,86 91,ngjwonH // ngjwonH,*[ŋ]o[n]-s // *[ŋ]o[n]-s,
word-ad-63,OldChinese,,*teŋ-s,,,,正,88 331,tsyengH // tsyengH,*teŋ-s // *teŋ-s,
word-ad-64,OldChinese,,*kˤoŋ,,,,功,89 478 790 1383,kuwng // kuwng // kuwng // kuwng,*kˤoŋ // *kˤoŋ // *kˤoŋ // *kˤoŋ,
word-ad-65,OldChinese,,*[ɢ]ʷrək,,,,域,93 95,hwik // hwik,*[ɢ]ʷrək // *[ɢ]ʷrək,
word-ad-66,OldChinese,,*qʰ(r)əŋ,,,,興,94,xing,*qʰ(r)əŋ,
word-ad-67,OldChinese,, *k-r̥ˤaŋ,,,,康,96,khang, *k-r̥ˤaŋ // *[kʰ]ˤaŋ,
word-ad-68,OldChinese,,*ləʔ,,,,以,97 176 201 216 224 239 246 343 346 377 386 391 406 409 516 588 640 651 662 668 672 675 729 835 891 897 1132 1267 1370 1378 1388 1503 1508 1512 1605 1649 1652 1668 1683 1689,yiX // yiX // yiX // yiX // yiX // yiX // yiX // yiX // yiX // yiX // yiX // yiX // yiX // yiX // yiX // yiX // yiX // yiX // yiX // yiX // yiX // yiX // yiX // yiX // yiX // yiX // yiX // yiX // yiX // yiX // yiX // yiX // yiX // yiX // yiX // yiX // yiX // yiX // yiX // yiX,*ləʔ // *ləʔ // *ləʔ // *ləʔ // *ləʔ // *ləʔ // *ləʔ // *ləʔ // *ləʔ // *ləʔ // *ləʔ // *ləʔ // *ləʔ // *ləʔ // *ləʔ // *ləʔ // *ləʔ // *ləʔ // *ləʔ // *ləʔ // *ləʔ // *ləʔ // *ləʔ // *ləʔ // *ləʔ // *ləʔ // *ləʔ // *ləʔ // *ləʔ // *ləʔ // *ləʔ // *ləʔ // *ləʔ // *ləʔ // *ləʔ // *ləʔ // *ləʔ // *ləʔ // *ləʔ // *ləʔ,
word-ad-69,OldChinese,,*qʰ(r)oŋ,,,,凶,98,xjowng,*qʰ(r)oŋ,
word-ad-70,OldChinese,,*pˤuʔ,,,,保,99,pawX,*pˤuʔ,
word-ad-71,OldChinese,,*kaŋ,,,,疆,100 368,kjang // kjang,*kaŋ // *kaŋ,
word-ad-72,OldChinese,,*pi[t],,,,必,101 373 396 402 451 536 542 550 630 741 909 918 1160 1193 1345 1368 1380 1532 1680,pjit // pjit // pjit // pjit // pjit // pjit // pjit // pjit // pjit // pjit // pjit // pjit // pjit // pjit // pjit // pjit // pjit // pjit // pjit,*pi[t] // *pi[t] // *pi[t] // *pi[t] // *pi[t] // *pi[t] // *pi[t] // *pi[t] // *pi[t] // *pi[t] // *pi[t] // *pi[t] // *pi[t] // *pi[t] // *pi[t] // *pi[t] // *pi[t] // *pi[t] // *pi[t],
word-ad-73,OldChinese,,*l̥əŋ,,,,勝,102 691 694 698 860 1332,sying // sying // sying // sying // sying // sying,*l̥əŋ // *l̥əŋ // *l̥əŋ // *l̥əŋ // *l̥əŋ // *l̥əŋ,
word-ad-74,OldChinese,,*[k]ʰˤa[j]ʔ,,,,可以,103 143 165 364 423 431 439 1005,khaX // yiX // khaX // yiX // khaX // yiX // khaX // yiX // khaX // yiX // khaX // yiX // khaX // yiX // khaX // yiX,*[k]ʰˤa[j]ʔ // *ləʔ // *[k]ʰˤa[j]ʔ // *ləʔ // *[k]ʰˤa[j]ʔ // *ləʔ // *[k]ʰˤa[j]ʔ // *ləʔ // *[k]ʰˤa[j]ʔ // *ləʔ // *[k]ʰˤa[j]ʔ // *ləʔ // *[k]ʰˤa[j]ʔ // *ləʔ // *[k]ʰˤa[j]ʔ // *ləʔ,
word-ad-75,OldChinese,,*C.lrə,,,,治,105 794 802,dri // dri // dri,*C.lrə // *C.lrə // *C.lrə,
word-ad-76,OldChinese,,*pˤroŋ,,,,邦,106 137 157 269 354 357 360 421 464 520 580 828 973 1195 1199 1501,paewng // paewng // paewng // paewng // paewng // paewng // paewng // paewng // paewng // paewng // paewng // paewng // paewng // paewng // paewng // paewng,*pˤroŋ // *pˤroŋ // *pˤroŋ // *pˤroŋ // *pˤroŋ // *pˤroŋ // *pˤroŋ // *pˤroŋ // *pˤroŋ // *pˤroŋ // *pˤroŋ // *pˤroŋ // *pˤroŋ // *pˤroŋ // *pˤroŋ // *pˤroŋ,
word-ad-77,OldChinese,,*tiw,,,,周志,107,tsyuw // tsyiH,*tiw // *tək-s,
word-ad-78,OldChinese,,*[d]eʔ,,,,是,108 634 1622,dzyeX // dzyeX // dzyeX,*[d]eʔ // *[d]eʔ // *[d]eʔ,
word-ad-79,OldChinese,,*[dz]ˤə[n],,,,存,109 341 971,dzwon // dzwon // dzwon,*[dz]ˤə[n] // *[dz]ˤə[n] // *[dz]ˤə[n],
word-ad-80,OldChinese,,*C.qur ,,,,君子,115 186 215 238 509,kjun // tsiX // kjun // kjun // tsiX // kjun // tsiX // kjun // tsiX,*C.qur  // *[ts]əʔ // *tsəʔ // *C.qur  // *[ts]əʔ // *tsəʔ // *C.qur //  *[ts]əʔ // *tsəʔ // *C.qur //  *[ts]əʔ // *tsəʔ // *C.qur //  *[ts]əʔ // *tsəʔ,
word-ad-81,OldChinese,,*[k]ʰˤa[j]ʔ,,,,可,117 841 878,khaX // khaX // khaX,*[k]ʰˤa[j]ʔ // *[k]ʰˤa[j]ʔ // *[k]ʰˤa[j]ʔ,
word-ad-82,OldChinese,,*tre,,,,知,118 746 1610,trje // trje // trje,*tre // *tre // *tre,
word-ad-83,OldChinese,,*ɢ(r)əʔ,,,,已,119 453,yiX // (yiH) // yiX // (yiH),*ɢ(r)əʔ // *ɢ(r)əʔ,
word-ad-84,OldChinese,,*[d]uk,,,,孰,120,dzyuwk,*[d]uk,
word-ad-85,OldChinese,,*nˤə,,,,能,121 793 801 812,noj // noj // noj // noj,*nˤə // *nˤə // *nˤə // *nˤə,
word-ad-86,OldChinese,,*bˤreŋʔ / *bˤreŋ-s / *bˤeŋʔ / *peŋʔ / *peŋ-s ,,,,併,122,beangX // / // beangH // / // bengX // / // pijengX // / // pijengH,*bˤreŋʔ / *bˤreŋ-s / *bˤeŋʔ / *peŋʔ / *peŋ-s ,
word-ad-87,OldChinese,,*[k]ˤem,,,,兼,123,kem,*[k]ˤem,
word-ad-88,OldChinese,,*ni[ŋ],,,,人,124 639 643 647 796 800 902 911 920 926 932 1287 1514,nyin // nyin // nyin // nyin // nyin // nyin // nyin // nyin // nyin // nyin // nyin // nyin // nyin,*ni[ŋ] // *ni[ŋ] // *ni[ŋ] // *ni[ŋ] // *ni[ŋ] // *ni[ŋ] // *ni[ŋ] // *ni[ŋ] // *ni[ŋ] // *ni[ŋ] // *ni[ŋ] // *ni[ŋ] // *ni[ŋ],
word-ad-89,OldChinese,,*[ts]ˤə,,,,哉,125 257,tsoj // // // tsoj // tsoj // // // tsoj,*[ts]ˤə // *[ts]ˤə,
word-ad-90,OldChinese,,*mo,,,,毋,130 370 380 469 473 500 654 664 725 765 770 1114 1118 1141 1206 1321 1323 1376,mju // mju // mju // mju // mju // mju // mju // mju // mju // mju // mju // mju // mju // mju // mju // mju // mju // mju,*mo // *mo // *mo // *mo // *mo // *mo // *mo // *mo // *mo // *mo // *mo // *mo // *mo // *mo // *mo // *mo // *mo // *mo,
word-ad-91,OldChinese,,*[ɢ]ʷə[n],,,,云,131,hjun,*[ɢ]ʷə[n],
word-ad-92,OldChinese,,*[g]i[ŋ],,,,臣,132 204 211 319 349 414 493 818 959 996 1639 1664,dzyin // dzyin // dzyin // dzyin // dzyin // dzyin // dzyin // dzyin // dzyin // dzyin // dzyin // dzyin,*[g]i[ŋ] // *[g]i[ŋ] // *[g]i[ŋ] // *[g]i[ŋ] // *[g]i[ŋ] // *[g]i[ŋ] // *[g]i[ŋ] // *[g]i[ŋ] // *[g]i[ŋ] // *[g]i[ŋ] // *[g]i[ŋ] // *[g]i[ŋ],
word-ad-93,OldChinese,,*mu[n],,,,聞,133 212 259 320 351 416 659 819 960 997 1574 1631 1640 1696,mjun // mjun // mjun // mjun // mjun // mjun // mjun // mjun // mjun // mjun // mjun // mjun // mjun // mjun,*mu[n] // *mu[n] // *mu[n] // *mu[n] // *mu[n] // *mu[n] // *mu[n] // *mu[n] // *mu[n] // *mu[n] // *mu[n] // *mu[n] // *mu[n] // *mu[n],
word-ad-94,OldChinese,,*(mə.)rə[n],,,,鄰,136 156,lin // lin,*(mə.)rə[n] // *(mə.)rə[n],
word-ad-95,OldChinese,,*mraŋ,,,,明,140 1596,mjaeng // mjaeng,*mraŋ // *mraŋ,
word-ad-96,OldChinese,,*[ts]ˤək,,,,則,141 162 454 581 702 708 713 753 778 813 847 852 858 867 872 882 1220 1224,tsok // tsok // tsok // tsok // tsok // tsok // tsok // tsok // tsok // tsok // tsok // tsok // tsok // tsok // tsok // tsok // tsok // tsok,*[ts]ˤək // *[ts]ˤək // *[ts]ˤək // *[ts]ˤək // *[ts]ˤək // *[ts]ˤək // *[ts]ˤək // *[ts]ˤək // *[ts]ˤək // *[ts]ˤək // *[ts]ˤək // *[ts]ˤək // *[ts]ˤək // *[ts]ˤək // *[ts]ˤək // *[ts]ˤək // *[ts]ˤək // *[ts]ˤək,
word-ad-97,OldChinese,,*s-liw,,,,修,145 167 397,sjuw // sjuw // sjuw,*s-liw // *s-liw // *s-liw,
word-ad-98,OldChinese,,*teŋ-s,,,,政,146 168 270,tsyengH // tsyengH // tsyengH,*teŋ-s // *teŋ-s // *teŋ-s,
word-ad-99,OldChinese,,*[d]a[n]ʔ,,,,善,148 170 1152 1505 1523,dzyenX // dzyenX // dzyenX // dzyenX // dzyenX,*[d]a[n]ʔ // *[d]a[n]ʔ // *[d]a[n]ʔ // *[g]e[n]ʔ // *[d]a[n]ʔ,
word-ad-100,OldChinese,,*[n]a[n],,,,然,152 174 237 1671 1705,nyen // nyen // nyen // nyen // nyen,*[n]a[n] // *[n]a[n] // *[n]a[n] // *[n]a[n] // *[n]a[n],
word-ad-101,OldChinese,,*kʰ(r)oŋʔ,,,,恐,153,khjowngX,*kʰ(r)oŋʔ,
word-ad-102,OldChinese,,*maŋ,,,,亡,154 160 175 291 326 333 347 1222,mjang // mjang // mjang // mjang // mjang // mjang // mjang // mjang,*maŋ // *maŋ // *maŋ // *maŋ // *maŋ // *maŋ // *maŋ // *maŋ,
word-ad-103,OldChinese,,*[ʔ]a[n],,,,焉,155 375 1679,jen // // // hjen // ('jon) // jen // // // hjen // ('jon) // jen // // // hjen // ('jon),*[ʔ]a[n] // *ʔa[n] // *[ʔ]a[n] // *ʔa[n] // *[ʔ]a[n] // *ʔa[n],
word-ad-104,OldChinese,,*[kə.l]ˤuʔ,,,,道,161 226 248 888 943 1105 1241 1354 1363 1413 1422 1476 1616 1627 1678,dawX // dawX // dawX // dawX // dawX // dawX // dawX // dawX // dawX // dawX // dawX // dawX // dawX // dawX // dawX,*[kə.l]ˤuʔ // *[kə.l]ˤuʔ // *[kə.l]ˤuʔ // *[kə.l]ˤuʔ // *[kə.l]ˤuʔ // *[kə.l]ˤuʔ // *[kə.l]ˤuʔ // *[kə.l]ˤuʔ // *[kə.l]ˤuʔ // *[kə.l]ˤuʔ // *[kə.l]ˤuʔ // *[kə.l]ˤuʔ // *[kə.l]ˤuʔ // *[kə.l]ˤuʔ // *[kə.l]ˤuʔ,
word-ad-105,OldChinese,, *ɢ(r)Ak,,,,亦,163 233 1659 1673 1675 1694 1707,yek // // // yek // yek // // // yek // yek // // // yek // yek // // // yek // yek // // // yek // yek // // // yek // yek // // // yek, *ɢ(r)Ak // *[ɢ](r)Ak //  *ɢ(r)Ak // *[ɢ](r)Ak //  *ɢ(r)Ak // *[ɢ](r)Ak //  *ɢ(r)Ak // *[ɢ](r)Ak //  *ɢ(r)Ak // *[ɢ](r)Ak //  *ɢ(r)Ak // *[ɢ](r)Ak //  *ɢ(r)Ak // *[ɢ](r)Ak,
word-ad-106,OldChinese,,*tsʰˤoʔ,,,,取,177 374 1453,tshuwX // tshuwX // tshuwX,*tsʰˤoʔ // *tsʰˤoʔ // *tsʰˤoʔ,
word-ad-107,OldChinese,,*l̥aj,,,,施伯,182,da // phak,*l̥aj // *pʰˤak,
word-ad-108,OldChinese,,ŋ(r)aʔ-s,,,,語,183,ngjoH,ŋ(r)aʔ-s,
word-ad-109,OldChinese,,*[C.k]ʷˤraʔ,,,,寡人,184 1179,kwaeX // nyin // kwaeX // nyin,*[C.k]ʷˤraʔ // *ni[ŋ] // *[C.k]ʷˤraʔ // *ni[ŋ],
word-ad-110,OldChinese,,*tˤək,,,,得,187 245 1684,tsiX // tok // tok // tok,*tˤək // *tˤək // *tˤək,
word-ad-111,OldChinese,,*l̥i[t],,,,失,189 220 253 1272 1690,syit // syit // syit // syit // syit,*l̥i[t] // *l̥i[t] // *l̥i[t] // *l̥i[t] // *l̥i[t],
word-ad-112,OldChinese,,*l̥ˤi[n],,,,天,191 222 234 1186,then // then // then // then,*l̥ˤi[n] // *l̥ˤi[n] // *l̥ˤi[n] // *l̥ˤi[n],
word-ad-113,OldChinese,,*m-riŋ-s,,,,命,192 223 235 263 660 1187 1275 1305,mjaengH // mjaengH // mjaengH // mjaengH // mjaengH // mjaengH // mjaengH // mjaengH,*m-riŋ-s // *m-riŋ-s // *m-riŋ-s // *m-riŋ-s // *m-riŋ-s // *m-riŋ-s // *m-riŋ-s // *m-riŋ-s,
word-ad-114,OldChinese,,*ɢ(r)ək-s,,,,異,194 202,yiH // yiH,*ɢ(r)ək-s // *ɢ(r)ək-s,
word-ad-115,OldChinese,,*n[ə][r]ʔ,,,,爾,196 1313 1328 1336,nyeX // nyeX // nyeX // nyeX,*n[ə][r]ʔ // *n[ə][r]ʔ // *n[ə][r]ʔ // *n[ə][r]ʔ,
word-ad-116,OldChinese,, *put,,,,弗,209 244 252 1080 1084 1137 1374,pjut // pjut // pjut // pjut // pjut // pjut // pjut, *put // *p[u]t // *put //  *put // *p[u]t // *put //  *put // *p[u]t // *put //  *put // *p[u]t // *put //  *put // *p[u]t // *put //  *put // *p[u]t // *put //  *put // *p[u]t // *put,
word-ad-117,OldChinese,,*tsi[n]ʔ,,,,盡,210 340 1497,tsinX // tsinX // tsinX,*tsi[n]ʔ // *tsi[n]ʔ // *tsi[n]ʔ,
word-ad-118,OldChinese,,*[g]ˤi[n],,,,賢,217 240 792,hen // hen // hen,*[g]ˤi[n] // *[g]ˤi[n] // *[g]ˤi[n],
word-ad-119,OldChinese,,*tʰəŋ,,,,稱,218 227 241 249,tsyhing // tsyhing // tsyhing // tsyhing,*tʰəŋ // *tʰəŋ // *tʰəŋ // *tʰəŋ,
word-ad-120,OldChinese,,*mˤut,,,,沒,229 1653,mwot // (dring) // gip,*mˤut // *[m-k-]rəp,
word-ad-121,OldChinese,,*n̥i[ŋ],,,,身,230 742 937 1655,syin // syin // syin // syin,*n̥i[ŋ] // *n̥i[ŋ] // *n̥i[ŋ] // *n̥i[ŋ],
word-ad-122,OldChinese,,*[dz]u[k]-s,,,,就,231 1035 1269,dzjuwH // dzjuwH // dzjuwH,*[dz]u[k]-s // *[dz]u[k]-s // *[dz]u[k]-s,
word-ad-123,OldChinese,,*l̥ap-s,,,,世,232 1651,syejH // syejH,*l̥ap-s // *l̥ap-s,
word-ad-124,OldChinese,,*[g]ˤat,,,,曷,242 250,hat // hat,*[g]ˤat // *[g]ˤat,
word-ad-125,OldChinese,,*qʰˤenʔ,,,,顯,256 887 942,xenX // xenX // xenX,*qʰˤenʔ // *qʰˤenʔ // *qʰˤenʔ,
word-ad-126,OldChinese,,*ŋˤa,,,,吾,258 302 1180 1571 1620 1628,ngu // ngu // ngu // ngu // ngu // ngu,*ŋˤa // *ŋˤa // *ŋˤa // *ŋˤa // *ŋˤa // *ŋˤa,
word-ad-127,OldChinese,, *nˤə(ŋ)ʔ,,,,乃,262 1129 1304 1338,nojX // nojX // nojX // nojX, *nˤə(ŋ)ʔ // *nˤəʔ //  *nˤə(ŋ)ʔ // *nˤəʔ //  *nˤə(ŋ)ʔ // *nˤəʔ //  *nˤə(ŋ)ʔ // *nˤəʔ,
word-ad-128,OldChinese,,*[m̥](r)ajʔ,,,,毀,264 1264,xjweX // xjweX,*[m̥](r)ajʔ // *[m̥](r)ajʔ,
word-ad-129,OldChinese,,*l̥ˤeŋ,,,,聽,268 278 743 776,theng // theng // theng // theng,*l̥ˤeŋ // *l̥ˤeŋ // *l̥ˤeŋ // *l̥ˤeŋ,
word-ad-130,OldChinese,,*truk-s,,,,晝,272,trjuwH,*truk-s,
word-ad-131,OldChinese,,*[tsʰ]imʔ,,,,寢,273,tshimX,*[tsʰ]imʔ,
word-ad-132,OldChinese,,*q(r)[u]mʔ,,,,飲,275,imX,*q(r)[u]mʔ,
word-ad-133,OldChinese,,*tsuʔ,,,,酒,276,tsjuwX,*tsuʔ,
word-ad-134,OldChinese,,*[ŋ]ˤrawk,,,,樂,279,ngaewk,*[ŋ]ˤrawk,
word-ad-135,OldChinese,,*k(r)a,,,,居,280 355,kjo // // // kjo // // // kjoH // (ki) // kjo // // // kjo // // // kjoH // (ki),*k(r)a // *ka // *k(r)a-s // *k(r)a // *ka // *k(r)a-s,
word-ad-136,OldChinese,,*s-ŋet,,,,褻,282,sjet,*s-ŋet,
word-ad-137,OldChinese,,*mə[n],,,,文,283,mjun,*mə[n],
word-ad-138,OldChinese,,*mə-lək,,,,食,284 480 614 1143 1295 1308 1531 1534,zyik // zyik // zyik // zyik // zyik // zyik // zyik // zyik,*mə-lək // *mə-lək // *mə-lək // *mə-lək // *mə-lək // *mə-lək // *mə-lək // *mə-lək,
word-ad-139,OldChinese,,*ni[j]-s,,,,貳,286,nyijH,*ni[j]-s,
word-ad-140,OldChinese,,*kˤraŋ,,,,羹,287,kaeng,*kˤraŋ,
word-ad-141,OldChinese,,*[k]ˤem,,,,兼愛,288,kem // ojH,*[k]ˤem // *[q]ˤə[p]-s,
word-ad-142,OldChinese,,*C.ma[n]-s,,,,萬民,289,mjonH // mjin,*C.ma[n]-s // *mi[ŋ],
word-ad-143,OldChinese,,*[s]əj,,,,私,293,sij,*[s]əj,
word-ad-144,OldChinese,,*[ɢ]ʷˤen,,,,還,295,hwaen,*[ɢ]ʷˤen,
word-ad-145,OldChinese,,*C.nˤi[ŋ],,,,年,296,nen,*C.nˤi[ŋ],
word-ad-146,OldChinese,,*C.mu[n]-s,,,,問,298 307 595 718 759 783 984 1020 1056 1085 1099 1150 1235 1357 1416 1479 1521 1569,mjunH // mjunH // mjunH // mjunH // mjunH // mjunH // mjunH // mjunH // mjunH // mjunH // mjunH // mjunH // mjunH // mjunH // mjunH // mjunH // mjunH // mjunH,*C.mu[n]-s // *C.mu[n]-s // *C.mu[n]-s // *C.mu[n]-s // *C.mu[n]-s // *C.mu[n]-s // *C.mu[n]-s // *C.mu[n]-s // *C.mu[n]-s // *C.mu[n]-s // *C.mu[n]-s // *C.mu[n]-s // *C.mu[n]-s // *C.mu[n]-s // *C.mu[n]-s // *C.mu[n]-s // *C.mu[n]-s // *C.mu[n]-s,
word-ad-147,OldChinese,,*ɢ(r)ok,,,,欲,303 862 1405 1630,yowk // yowk // yowk // yowk,*ɢ(r)ok // *ɢ(r)ok // *ɢ(r)ok // *ɢ(r)ok,
word-ad-148,OldChinese,,*m-q(r)aʔ,,,,與,304 1657,yoX // yoX,*m-q(r)aʔ // *m-q(r)aʔ,
word-ad-149,OldChinese,,*[dz]ˤəj,,,,齊,305,dzej // (tsjwe),*[dz]ˤəj,
word-ad-150,OldChinese,,*tar-s,,,,戰,306 404 407 441 686 836 885 940 1022 1044 1052 1059 1087 1094 1103 1181 1192 1239 1247 1262 1281 1316 1352 1361 1411 1420 1474,tsyenH // tsyenH // tsyenH // tsyenH // tsyenH // tsyenH // tsyenH // tsyenH // tsyenH // tsyenH // tsyenH // tsyenH // tsyenH // tsyenH // tsyenH // tsyenH // tsyenH // tsyenH // tsyenH // tsyenH // tsyenH // tsyenH // tsyenH // tsyenH // tsyenH // tsyenH // tsyenH,*tar-s // *tar-s // *tar-s // *tar-s // *tar-s // *tar-s // *tar-s // *tar-s // *tar-s // *tar-s // *tar-s // *tar-s // *tar-s // *tar-s // *tar-s // *tar-s // *tar-s // *tar-s // *tar-s // *tar-s // *tar-s // *tar-s // *tar-s // *tar-s // *tar-s // *tar-s // *tar-s,
word-ad-151,OldChinese,,*lri[n],,,,陳,308 335 339 433 437 444 477 599 789 1003 1049 1344,drin // drin // drin // drin // drin // drin // drin // drin // drin // drin // drin // drin,*lri[n] // *lri[n] // *lri[n] // *lri[n] // *lri[n] // *lri[n] // *lri[n] // *lri[n] // *lri[n] // *lri[n] // *lri[n] // *lri[n],
word-ad-152,OldChinese,,*[g]ˤe,,,,奚,309 314 1482 1526,hej // hej // hej // hej,*[g]ˤe // *[g]ˤe // *[g]ˤe // *[g]ˤe,
word-ad-153,OldChinese,,*na,,,,如,310 315 1126 1483 1527 1624,nyo // nyo // nyo // nyo // nyo // nyo,*na // *na // *na // *na // *na // *na,
word-ad-154,OldChinese,,*s.tuʔ-s,,,,守,311 1524,syuwH // syuwH,*s.tuʔ-s // *s.tuʔ-s,
word-ad-155,OldChinese,,*pˤe[n],,,,邊,312 379,pen // pen,*pˤe[n] // *pˤe[n],
word-ad-156,OldChinese,,*[d]eŋ,,,,城,313 328 394 1490 1542,dzyeng // dzyeng // dzyeng // dzyeng // dzyeng,*[d]eŋ // *[d]eŋ // *[d]eŋ // *[d]eŋ // *[d]eŋ,
word-ad-157,OldChinese,,*[t]ˤ[u]p,,,,答,317 467 601 688 722 763 787 900 956 993 1026 1063 1107 1243 1365 1424 1484 1528 1593 1637 1670 1704,top // top // top // top // top // top // top // top // top // top // top // top // top // top // top // top // top // top // top // top // top // top,*[t]ˤ[u]p // *[t]ˤ[u]p // *[t]ˤ[u]p // *[t]ˤ[u]p // *[t]ˤ[u]p // *[t]ˤ[u]p // *[t]ˤ[u]p // *[t]ˤ[u]p // *[t]ˤ[u]p // *[t]ˤ[u]p // *[t]ˤ[u]p // *[t]ˤ[u]p // *[t]ˤ[u]p // *[t]ˤ[u]p // *[t]ˤ[u]p // *[t]ˤ[u]p // *[t]ˤ[u]p // *[t]ˤ[u]p // *[t]ˤ[u]p // *[t]ˤ[u]p // *[t]ˤ[u]p // *[t]ˤ[u]p,
word-ad-158,OldChinese,,*[k]ˤa-s,,,,固,323 327 1492 1543,kuH // kuH // kuH // kuH,*[k]ˤa-s // *[k]ˤa-s // *[k]ˤa-s // *[k]ˤa-s,
word-ad-159,OldChinese,,*mə,,,,謀,324,mjuw,*mə,
word-ad-160,OldChinese,,*kʰˤək,,,,克,330 334 344 892 898 1375,khok // khok // khok // khok // khok // khok,*kʰˤək // *kʰˤək // *kʰˤək // *kʰˤək // *kʰˤək // *kʰˤək,
word-ad-161,OldChinese,,*s.rum,,,,三,336 446 530 619 683 803 824 832 962 986 999 1110 1170 1495 1579 1586 1632,sam // sam // sam // sam // sam // sam // sam // sam // sam // sam // sam // sam // sam // sam // sam // sam // sam,*s.rum // *s.rum // *s.rum // *s.rum // *s.rum // *s.rum // *s.rum // *s.rum // *s.rum // *s.rum // *s.rum // *s.rum // *s.rum // *s.rum // *s.rum // *s.rum // *s.rum,
word-ad-162,OldChinese,,*lˤək-s,,,,代,337 1633,dojH // dojH,*lˤək-s // *lˤək-s,
word-ad-163,OldChinese,,*[ɢ]ʷˤək,,,,或,342 345 1602,hwok // hwok // hwok,*[ɢ]ʷˤək // *[ɢ]ʷˤək // *[ɢ]ʷˤək,
word-ad-164,OldChinese,,*tsa,,,,且,348 413 817 1069 1075 1550,tsjo // tsjo // tsjo // tsjo // tsjo // tsjo,*tsa // *tsa // *tsa // *tsa // *tsa // *tsa,
word-ad-165,OldChinese,,*tə,,,,之間,358 629,tsyi // hean // // // kean // // // kean // tsyi // hean // // // kean // // // kean,*tə //  *N-kˤre[n] // *kˤre[n] // *kˤre[n] // *tə //  *N-kˤre[n] // *kˤre[n] // *kˤre[n],
word-ad-166,OldChinese,,*[d]ˤek,,,,敵,359 1182,dek // dek,*[d]ˤek // *[d]ˤek,
word-ad-167,OldChinese,,*[k]ˤraw,,,,交,361,kaew,*[k]ˤraw,
word-ad-168,OldChinese,,*[l]ˤej-s,,,,地,362 369 1140,dijH // dijH // dijH,*[l]ˤej-s // *[l]ˤej-s // *[l]ˤej-s,
word-ad-169,OldChinese,,*sˤər,,,,先,365 371 1208 1613,sen // sen // sen // sen,*sˤər // *sˤər // *sˤər // *sˤər,
word-ad-170,OldChinese,,*[ts]ˤak-s,,,,作,366,tsuH,*[ts]ˤak-s,
word-ad-171,OldChinese,,*[ʔ]o[r]-s,,,,怨,367,jwonH,*[ʔ]o[r]-s,
word-ad-172,OldChinese,, *s-qʰaʔ,,,,所,376 390 408 515 587 650 661 674 750 834 1348 1510 1516 1573 1604 1635,srjoX // // // xuX // srjoX // // // xuX // srjoX // // // xuX // srjoX // // // xuX // srjoX // // // xuX // srjoX // // // xuX // srjoX // // // xuX // srjoX // // // xuX // srjoX // // // xuX // srjoX // // // xuX // srjoX // // // xuX // srjoX // // // xuX // srjoX // // // xuX // srjoX // // // xuX // srjoX // // // xuX // srjoX // // // xuX, *s-qʰaʔ // *qʰaʔ //  *s-qʰaʔ // *qʰaʔ //  *s-qʰaʔ // *qʰaʔ //  *s-qʰaʔ // *qʰaʔ //  *s-qʰaʔ // *qʰaʔ //  *s-qʰaʔ // *qʰaʔ //  *s-qʰaʔ // *qʰaʔ //  *s-qʰaʔ // *qʰaʔ //  *s-qʰaʔ // *qʰaʔ //  *s-qʰaʔ // *qʰaʔ //  *s-qʰaʔ // *qʰaʔ //  *s-qʰaʔ // *qʰaʔ //  *s-qʰaʔ // *qʰaʔ //  *s-qʰaʔ // *qʰaʔ //  *s-qʰaʔ // *qʰaʔ //  *s-qʰaʔ // *qʰaʔ,
word-ad-173,OldChinese,,*g(r)aʔ,,,,拒,378 392,gjoX // gjoX,*g(r)aʔ // *g(r)aʔ,
word-ad-174,OldChinese,,*[q]ˤə[p]-s,,,,愛,381,ojH,*[q]ˤə[p]-s,
word-ad-175,OldChinese,,*qʷʰˤaj-s,,,,貨,382,xwaH,*qʷʰˤaj-s,
word-ad-176,OldChinese,,*[ts]ij,,,,資,383,tsij,*[ts]ij,
word-ad-177,OldChinese,, *[ts]əʔ,,,,子,384 1171 1177,tsiX // tsiX // tsiX, *[ts]əʔ // *tsəʔ //  *[ts]əʔ // *tsəʔ //  *[ts]əʔ // *tsəʔ,
word-ad-178,OldChinese,,*nraʔ,,,,女,385,nrjoX,*nraʔ,
word-ad-179,OldChinese,,*[m-s-]rəʔ-s,,,,事,387,dzriH // (tsriH),*[m-s-]rəʔ-s,
word-ad-180,OldChinese,,*[b]e[n],,,,便嬖,389,bjien // pejH,*[b]e[n] // *pˤek-s,
word-ad-181,OldChinese,, *nˤ[u]p,,,,內,393,nop // // // nwojH, *nˤ[u]p // *nˤ[u]p-s,
word-ad-182,OldChinese,,*kʷˤak,,,,郭,395,kwak,*kʷˤak,
word-ad-183,OldChinese,,*[d]a[n]ʔ-s,,,,繕,398 1256,dzyenH // dzyenH,*[d]a[n]ʔ-s // *[d]a[n]ʔ-s,
word-ad-184,OldChinese,,*[k]ˤr[a]p,,,,甲,399 913 917 1257 1274,kaep // kaep // kaep // kaep // kaep,*[k]ˤr[a]p // *[k]ˤr[a]p // *[k]ˤr[a]p // *[k]ˤr[a]p // *[k]ˤr[a]p,
word-ad-185,OldChinese,,*C.ri[t]-s,,,,利,400 476 1258 1539,lijH // lijH // lijH // lijH,*C.ri[t]-s // *C.ri[t]-s // *C.ri[t]-s // *C.ri[t]-s,
word-ad-186,OldChinese,,*praŋ,,,,兵,401 610 626 890 896 904 908 1205 1259 1310 1537,pjaeng // pjaeng // pjaeng // pjaeng // pjaeng // pjaeng // pjaeng // pjaeng // pjaeng // pjaeng // pjaeng,*praŋ // *praŋ // *praŋ // *praŋ // *praŋ // *praŋ // *praŋ // *praŋ // *praŋ // *praŋ // *praŋ,
word-ad-187,OldChinese,,*səm,,,,心,405 1091,sim // sim,*səm // *səm,
word-ad-188,OldChinese,,*Cə-[N]-traŋ,,,,長,411 563 771 798 823 839,drjang // drjang // drjang // drjang // drjang // drjang,*Cə-[N]-traŋ // *Cə-[N]-traŋ // *Cə-[N]-traŋ // *Cə-[N]-traŋ // *Cə-[N]-traŋ // *Cə-[N]-traŋ,
word-ad-189,OldChinese,,*[ɢ]ˤoj,,,,和,419 427 435 462 518 524 590 597 707 761 780 851 1549,hwa // hwa // hwa // hwa // hwa // hwa // hwa // hwa // hwa // hwa // hwa // hwa // hwa,*[ɢ]ˤoj // *[ɢ]ˤoj // *[ɢ]ˤoj // *[ɢ]ˤoj // *[ɢ]ˤoj // *[ɢ]ˤoj // *[ɢ]ˤoj // *[ɢ]ˤoj // *[ɢ]ˤoj // *[ɢ]ˤoj // *[ɢ]ˤoj // *[ɢ]ˤoj // *[ɢ]ˤoj,
word-ad-190,OldChinese,,*t-kʰut-s,,,,出,424 432 440 533 951 964 977 1006 1577 1584,tsyhwijH // tsyhwijH // tsyhwijH // tsyhwijH // tsyhwijH // tsyhwijH // tsyhwijH // tsyhwijH // tsyhwijH // tsyhwijH,*t-kʰut-s // *t-kʰut-s // *t-kʰut-s // *t-kʰut-s // *t-kʰut-s // *t-kʰut-s // *t-kʰut-s // *t-kʰut-s !  // *t-kʰut-s // *t-kʰut-s,
word-ad-191,OldChinese,, *[l̥]Ak-s,,,,舍,425 429 526 592 1007 1249,syaeH // // // syaeX // syaeH // // // syaeX // syaeH // // // syaeX // syaeH // // // syaeX // syaeH // // // syaeX // syaeH // // // syaeX, *[l̥]Ak-s // *l̥Aʔ //  *[l̥]Ak-s // *l̥Aʔ //  *[l̥]Ak-s // *l̥Aʔ //  *[l̥]Ak-s // *l̥Aʔ // *[l̥]Ak-s // *l̥Aʔ //  *[l̥]Ak-s // *l̥Aʔ,
word-ad-192,OldChinese,,*[d]eʔ,,,,是故,442 838 875 1047 1665,dzyeX // kuH // dzyeX // kuH // dzyeX // kuH // dzyeX // kuH // dzyeX // kuH,*[d]eʔ //  *kˤa(ʔ)-s // *kˤaʔ-s // *[d]eʔ //  *kˤa(ʔ)-s // *kˤaʔ-s // *[d]eʔ //  *kˤa(ʔ)-s // *kˤaʔ-s // *[d]eʔ //  *kˤa(ʔ)-s // *kˤaʔ-s // *[d]eʔ //  *kˤa(ʔ)-s // *kˤaʔ-s,
word-ad-193,OldChinese,, *ba,,,,夫,443 1697,bju // // // bju // // // pju // bju // // // bju // // // pju, *ba // *[b]a // *p(r)a //  *ba // *[b]a // *p(r)a,
word-ad-194,OldChinese,,*tAʔ,,,,者,445 565 684 833 1079 1083 1145 1149 1155 1158 1393 1397 1461 1465 1496 1507 1525 1647,tsyaeX // tsyaeX // tsyaeX // tsyaeX // tsyaeX // tsyaeX // tsyaeX // tsyaeX // tsyaeX // tsyaeX // tsyaeX // tsyaeX // tsyaeX // tsyaeX // tsyaeX // tsyaeX // tsyaeX // tsyaeX,*tAʔ // *tAʔ // *tAʔ // *tAʔ // *tAʔ // *tAʔ // *tAʔ // *tAʔ // *tAʔ // *tAʔ // *tAʔ // *tAʔ // *tAʔ // *tAʔ // *tAʔ // *tAʔ // *tAʔ // *tAʔ,
word-ad-195,OldChinese,,*s.kˤraw-s,,,,教,447 578 949 1606,kaewH // kaewH // kaewH // kaewH,*s.kˤraw-s // *s.kˤraw-s // *s.kˤraw-s // *s.kˤraw-s,
word-ad-196,OldChinese,,*mˤat,,,,末,449,mat,*mˤat,
word-ad-197,OldChinese,,*l[u],,,,由,455 972,yuw // yuw,*l[u] // *l[u],
word-ad-198,OldChinese,,*C.pˤə[n]ʔ,,,,本,457,pwonX // (thaw),*C.pˤə[n]ʔ,
word-ad-199,OldChinese,,*ɢˤa,,,,乎,458 687 955 992 1025 1062 1106 1242 1364 1423 1592,hu // // // hu // hu // // // hu // hu // // // hu // hu // // // hu // hu // // // hu // hu // // // hu // hu // // // hu // hu // // // hu // hu // // // hu // hu // // // hu // hu // // // hu,*ɢˤa // *ɢˤa // *ɢˤa // *ɢˤa // *ɢˤa // *ɢˤa // *ɢˤa // *ɢˤa // *ɢˤa // *ɢˤa // *ɢˤa,
word-ad-200,OldChinese,,*na,,,,如何,465 721 762,nyo // ha // nyo // ha // nyo // ha,*na // *[g]ˤaj // *na // *[g]ˤaj // *na // *[g]ˤaj,
word-ad-201,OldChinese,,*m-qʷˤak,,,,穫,470,hwak,*m-qʷˤak,
word-ad-202,OldChinese,,*[d]ə,,,,時,472,dzyi,*[d]ə,
word-ad-203,OldChinese,,*Cə.lˤot,,,,奪,474,dwat,*Cə.lˤot,
word-ad-204,OldChinese,,*[ɢ]ˤeŋ,,,,刑,481 1438,heng // heng,*[ɢ]ˤeŋ // *[ɢ]ˤeŋ,
word-ad-205,OldChinese,,*[b][a]t,,,,罰,482,bjot,*[b][a]t,
word-ad-206,OldChinese,,*[dz]ˤujʔ,,,,罪,484 574 1119,dzwojX // dzwojX // dzwojX,*[dz]ˤujʔ // *[dz]ˤujʔ // *[dz]ˤujʔ,
word-ad-207,OldChinese,,*s-taŋʔ,,,,賞,486 649 774 1067 1117 1228 1384 1436,syangX // syangX // syangX // syangX // syangX // syangX // syangX // syangX,*s-taŋʔ // *s-taŋʔ // *s-taŋʔ // *s-taŋʔ // *s-taŋʔ // *s-taŋʔ // *s-taŋʔ // *s-taŋʔ,
word-ad-208,OldChinese,,*[ts]ewk,,,,爵,487 568 1226,tsjak // tsjak // tsjak,*[ts]ewk // *[ts]ewk // *[ts]ewk,
word-ad-209,OldChinese,,*bəŋ,,,,凡,490 559 1211 1271,bjuwng // bjuwng // bjuwng // bjuwng,*bəŋ // *bəŋ // *bəŋ // *bəŋ,
word-ad-210,OldChinese,,*qʰuk-s,,,,畜,491,trhjuwH,*qʰuk-s,
word-ad-211,OldChinese,,*[g]ur,,,,群,492 1162,gjun // gjun,*[g]ur // *[g]ur,
word-ad-212,OldChinese,,*kuj-s,,,,貴,494 611,kjw+jH // kjw+jH,*kuj-s // *kuj-s,
word-ad-213,OldChinese,,*[dz][a][n]-s,,,,賤,495,dzjenH,*[dz][a][n]-s,
word-ad-214,OldChinese,,*lˤoŋ,,,,同,496 575 676 1662,duwng // duwng // duwng // duwng,*lˤoŋ // *lˤoŋ // *lˤoŋ // *lˤoŋ,
word-ad-215,OldChinese,,*tˤəŋʔ,,,,等,497,tongX // (tojX),*tˤəŋʔ,
word-ad-216,OldChinese,,*l̥aj,,,,施,498,sye,*l̥aj,
word-ad-217,OldChinese,,*[r]ˤok,,,,祿,499 567 1225,luwk // luwk // luwk,*[r]ˤok // *[r]ˤok // *[r]ˤok,
word-ad-218,OldChinese,,*[b]ˤəʔ,,,,倍,501,bwojX,*[b]ˤəʔ,
word-ad-219,OldChinese,,*s.tə,,,,詩,502,syi,*s.tə,
word-ad-220,OldChinese,,*C.qʰˤəjʔ,,,,愷,507,khojX,*C.qʰˤəjʔ,
word-ad-221,OldChinese,,*lˤəjʔ-s,,,,悌,508,dejH,*lˤəjʔ-s,
word-ad-222,OldChinese,,*p(r)aʔ,,,,父,512 968,pjuX // pjuX,*p(r)aʔ // *p(r)aʔ,
word-ad-223,OldChinese,,*məʔ,,,,母,513,muwX,*məʔ,
word-ad-224,OldChinese,,*na,,,,如之何,527 600 786,nyo // tsyi // ha // nyo // tsyi // ha // nyo // tsyi // ha,*na // *tə // *[g]ˤaj // *na // *tə // *[g]ˤaj // *na // *tə // *[g]ˤaj,
word-ad-225,OldChinese,,*[k]ʷər,,,,軍,531 571 636 804 825 963 987 1000 1111 1253 1580 1587,kjun // kjun // kjun // kjun // kjun // kjun // kjun // kjun // kjun // kjun // kjun // kjun,*[k]ʷər // *[k]ʷər // *[k]ʷər // *[k]ʷər // *[k]ʷər // *[k]ʷər // *[k]ʷər // *[k]ʷər // *[k]ʷər // *[k]ʷər // *[k]ʷər // *[k]ʷər,
word-ad-226,OldChinese,,*s.[b]i[t]-s ,,,,自,correggi!!!!!!!!!!535 727 1130,dzijH // dzijH // dzijH,*s.[b]i[t]-s  // *s.[b]i[t]-s // *s.[b]i[t]-s,
word-ad-227,OldChinese,, *[r]ut,,,,率,535 562 670 697 806 1128,lwit // // // srwit // // // srwijH // // // lwijH // lwit // // // srwit // // // srwijH // // // lwijH // lwit // // // srwit // // // srwijH // // // lwijH // lwit // // // srwit // // // srwijH // // // lwijH // lwit // // // srwit // // // srwijH // // // lwijH // lwit // // // srwit // // // srwijH // // // lwijH, *[r]ut // *s-rut // *s-rut-s // *[r]ut-s //  *[r]ut // *s-rut // *s-rut-s // *[r]ut-s //  *[r]ut // *s-rut // *s-rut-s // *[r]ut-s //  *[r]ut // *s-rut // *s-rut-s // *[r]ut-s //  *[r]ut // *s-rut // *s-rut-s // *[r]ut-s //  *[r]ut // *s-rut // *s-rut-s // *[r]ut-s,
word-ad-228,OldChinese,,*ni[j]-s,,,,二,538 1169,nyijH // nyijH,*ni[j]-s // *ni[j]-s,
word-ad-229,OldChinese,,*[ts]aŋ,,,,將軍,539 541 931 934,tsjang // kjun // tsjang // kjun // tsjang // kjun // tsjang // kjun,*[ts]aŋ // *[k]ʷər // *[ts]aŋ // *[k]ʷər // *[ts]aŋ // *[k]ʷər // *[ts]aŋ // *[k]ʷər,
word-ad-230,OldChinese,,*s-rok,,,,數,544 552,sraewk // sraewk,*s-rok // *s-rok,
word-ad-231,OldChinese,,*pˤek-s,,,,嬖,545 548 766 769,pejH // pejH // pejH // pejH,*pˤek-s // *pˤek-s // *pˤek-s // *pˤek-s,
word-ad-232,OldChinese,,*lˤa[t]-s,,,,大夫,546 549 925 928,dajH // bju // // // bju // // // pju // dajH // bju // // // bju // // // pju // dajH // bju // // // bju // // // pju // dajH // bju // // // bju // // // pju,*lˤa[t]-s //  *ba // *[b]a // *p(r)a // *lˤa[t]-s //  *ba // *[b]a // *p(r)a // *lˤa[t]-s //  *ba // *[b]a // *p(r)a // *lˤa[t]-s //  *ba // *[b]a // *p(r)a,
word-ad-233,OldChinese,,*kʷˤa[n],,,,官,554,kwan,*kʷˤa[n],
word-ad-234,OldChinese,,*srij,,,,師,556 952 978 1189,srij // srij // srij // srij,*srij // *srij // *srij // *srij,
word-ad-235,OldChinese,,*C.qˤoŋ,,,,公孫,557 632,kuwng // swon // kuwng // swon,*C.qˤoŋ // *[s]ˤu[n] // *C.qˤoŋ // *[s]ˤu[n],
word-ad-236,OldChinese,,*C.qˤoŋ,,,,公子,558 633,kuwng // tsiX // kuwng // tsiX,*C.qˤoŋ //  *[ts]əʔ // *tsəʔ // *C.qˤoŋ //  *[ts]əʔ // *tsəʔ,
word-ad-237,OldChinese,,*s-lə,,,,司,561 1164,si // si,*s-lə // *s-lə,
word-ad-238,OldChinese,,*tsoŋ,,,,從,570 1202,dzjowng // // // dzjowngH // // // tsjowng // (tshjowng) // dzjowng // // // dzjowngH // // // tsjowng // (tshjowng),*tsoŋ // *[dz]oŋ-s // *[dz]oŋ // *tsoŋ // *[dz]oŋ-s // *[dz]oŋ,
word-ad-239,OldChinese,,*[b]ek-s,,,,避,573,bjieH,*[b]ek-s,
word-ad-240,OldChinese,,*tˤa,,,,都,576,tu,*tˤa,
word-ad-241,OldChinese,,*m-kˤop,,,,合,583 874,hop // hop,*m-kˤop // *m-kˤop,
word-ad-242,OldChinese,,*nˤar,,,,難,586,nan,*nˤar,
word-ad-243,OldChinese,,*[ɢ]ʷəʔ-s,,,,又,594 717 745 758 782 983 1019 1055 1098 1234 1356 1415 1478 1520 1568,hjuwH // hjuwH // hjuwH // hjuwH // hjuwH // hjuwH // kuwng // hjuwH // hjuwH // hjuwH // hjuwH // hjuwH // hjuwH // hjuwH // hjuwH // hjuwH,*[ɢ]ʷəʔ-s // *[ɢ]ʷəʔ-s // *[ɢ]ʷəʔ-s // *[ɢ]ʷəʔ-s // *[ɢ]ʷəʔ-s // *[ɢ]ʷəʔ-s // *C.qˤoŋ // *[ɢ]ʷəʔ-s // *[ɢ]ʷəʔ-s // *[ɢ]ʷəʔ-s // *[ɢ]ʷəʔ-s // *[ɢ]ʷəʔ-s // *[ɢ]ʷəʔ-s // *[ɢ]ʷəʔ-s // *[ɢ]ʷəʔ-s // *[ɢ]ʷəʔ-s,
word-ad-244,OldChinese,,*[t.qʰ](r)A,,,,車,603 667 669 1273 1296 1449,tsyhae // tsyhae // tsyhae // tsyhae // tsyhae // tsyhae,*[t.qʰ](r)A // *[t.qʰ](r)A // *[t.qʰ](r)A // *[t.qʰ](r)A // *[t.qʰ](r)A // *[t.qʰ](r)A,
word-ad-245,OldChinese,, *N-kˤre[n],,,,間,604 608,hean // // // kean // // // kean // hean // // // kean // // // kean, *N-kˤre[n] // *kˤre[n] // *kˤre[n] //  *N-kˤre[n] // *kˤre[n] // *kˤre[n],
word-ad-246,OldChinese,,*[ɢ](r)oŋ,,,,容,605 609,yowng // yowng,*[ɢ](r)oŋ // *[ɢ](r)oŋ,
word-ad-247,OldChinese,,*C.ŋˤaʔ,,,,伍,606 607 641,nguX // nguX // nguX,*C.ŋˤaʔ // *C.ŋˤaʔ // *C.ŋˤaʔ,
word-ad-248,OldChinese,,*[ɢ]ʷrəp-s,,,,位,612 1216,hwijH // hwijH,*[ɢ]ʷrəp-s // *[ɢ]ʷrəp-s,
word-ad-249,OldChinese,,*[m]-troŋ,,,,重,613 1074 1435,drjowng // drjowng // drjowng,*[m]-troŋ // *[m]-troŋ // *[m]-troŋ,
word-ad-250,OldChinese,, *s-rəʔ-s,,,,使,615 699 797 805 879 921 924 927 930 933 1213 1282 1324 1439 1447 1456 1462 1466,sriH // // // sriX // sriH // // // sriX // nyin // sriH // // // sriX // sriH // // // sriX // sriH // // // sriX // sriH // // // sriX // sriH // // // sriX // sriH // // // sriX // sriH // // // sriX // sriH // // // sriX // sriH // // // sriX // sriH // // // sriX // sriH // // // sriX // sriH // // // sriX // sriH // // // sriX // sriH // // // sriX // sriH // // // sriX // sriH // // // sriX, *s-rəʔ-s // *s-rəʔ //  *s-rəʔ-s // *s-rəʔ *ni[ŋ] //  *s-rəʔ-s // *s-rəʔ //  *s-rəʔ-s // *s-rəʔ //  *s-rəʔ-s // *s-rəʔ //  *s-rəʔ-s // *s-rəʔ //  *s-rəʔ-s // *s-rəʔ //  *s-rəʔ-s // *s-rəʔ //  *s-rəʔ-s // *s-rəʔ //  *s-rəʔ-s // *s-rəʔ //  *s-rəʔ-s // *s-rəʔ //  *s-rəʔ-s // *s-rəʔ //  *s-rəʔ-s // *s-rəʔ //  *s-rəʔ-s // *s-rəʔ //  *s-rəʔ-s // *s-rəʔ //  *s-rəʔ-s // *s-rəʔ //  *s-rəʔ-s // *s-rəʔ //  *s-rəʔ-s // *s-rəʔ,
word-ad-251,OldChinese,,*[dz]ˤen,,,,前,617 1215 1284 1382,dzen // dzen // dzen // dzen,*[dz]ˤen // *[dz]ˤen // *[dz]ˤen // *[dz]ˤen,
word-ad-252,OldChinese,,*[g]ˤaŋ,,,,行,618 620 884 1008 1218 1270 1278 1285 1303,haeng // // // haengH // // // hang // (hangH) // haeng // // // haengH // // // hang // (hangH) // haeng // // // haengH // // // hang // (hangH) // haeng // // // haengH // // // hang // (hangH) // haeng // // // haengH // // // hang // (hangH) // haeng // // // haengH // // // hang // (hangH) // haeng // // // haengH // // // hang // (hangH) // haeng // // // haengH // // // hang // (hangH) // haeng // // // haengH // // // hang // (hangH),*[g]ˤaŋ // *Cə.[g]ˤraŋ // *[g]ˤraŋ-s // *[g]ˤaŋ // *Cə.[g]ˤraŋ // *[g]ˤraŋ-s // *[g]ˤaŋ // *Cə.[g]ˤraŋ // *[g]ˤraŋ-s // *[g]ˤaŋ // *Cə.[g]ˤraŋ // *[g]ˤraŋ-s // *[g]ˤaŋ // *Cə.[g]ˤraŋ // *[g]ˤraŋ-s // *[g]ˤaŋ // *Cə.[g]ˤraŋ // *[g]ˤraŋ-s // *[g]ˤaŋ // *Cə.[g]ˤraŋ // *[g]ˤraŋ-s // *[g]ˤaŋ // *Cə.[g]ˤraŋ // *[g]ˤraŋ-s // *[g]ˤaŋ // *Cə.[g]ˤraŋ // *[g]ˤraŋ-s,
word-ad-253,OldChinese,,*[ɢ]ˤ(r)oʔ,,,,後,622,huwX,*[ɢ]ˤ(r)oʔ,
word-ad-254,OldChinese,,*[k]ˤ(r)oʔ,,,,茍,623,kik,*[k]ˤ(r)oʔ // **[k]ˤ(r)ək,
word-ad-255,OldChinese,,*tˤorʔ,,,,短,625,twanX,*tˤorʔ,
word-ad-256,OldChinese,,*t.[g]əp,,,,十,627,dzyip,*t.[g]əp,
word-ad-257,OldChinese,,*[ɢ]ʷə[t]-s,,,,謂,635,hjw+jH,*[ɢ]ʷə[t]-s,
word-ad-258,OldChinese,,*k(r)əʔ,,,,紀,637 1553,kiX // kiX,*k(r)əʔ // *k(r)əʔ,
word-ad-259,OldChinese,,*ʔi[t],,,,一,642 1217 1576 1583 1629,jit // jit // jit // jit // jit,*ʔi[t] // *ʔi[t] // *ʔi[t] // *ʔi[t] // *ʔi[t],
word-ad-260,OldChinese,,*[t.l]ˤaj,,,,多,645 865 1660,ta // ta // ta,*[t.l]ˤaj // *[t.l]ˤaj // *[t.l]ˤaj,
word-ad-261,OldChinese,,*s.li[j]-s,,,,四,646,sijH,*s.li[j]-s,
word-ad-262,OldChinese,,*kˤrij,,,,皆,648 1298 1331 1404 1581 1588,keaj // keaj // keaj // keaj // keaj // keaj,*kˤrij // *kˤrij // *kˤrij // *kˤrij // *kˤrij // *kˤrij,
word-ad-263,OldChinese,,*tˤur,,,,敦,653 704,twoj // // // twon // // // twon // (twonH) // twoj // // // twon // // // twon // (twonH),*tˤur // *tˤur,
word-ad-264,OldChinese,,*[d]aŋ-s,,,,尚,655 658 791,dzyangH // (dzyang) // dzyangH // (dzyang) // dzyangH // (dzyang),*[d]aŋ-s // *[d]aŋ-s // *[d]aŋ-s,
word-ad-265,OldChinese,,*m-qʷˤrak,,,,獲,656 1385,hweak // hweak,*m-qʷˤrak // *m-qʷˤrak,
word-ad-266,OldChinese,,*n̥ˤ[u]p-s,,,,退,665 1219,thwojH // thwojH,*n̥ˤ[u]p-s // *n̥ˤ[u]p-s,
word-ad-267,OldChinese,,*[d]ˤa,,,,徒,671 673,du // du,*[d]ˤa // *[d]ˤa,
word-ad-268,OldChinese,,*sijʔ,,,,死,677 1053 1078 1144 1154 1442,sijX // sijX // sijX // sijX // sijX // sijX,*sijʔ // *sijʔ // *sijʔ // *sijʔ // *sijʔ // *sijʔ,
word-ad-269,OldChinese,,*[ts]ok-s,,,,足以,685 1533 1538 1544,tsjuH // yiX // tsjuH // yiX // tsjuH // yiX // tsjuH // yiX,*[ts]ok-s // *ləʔ // *[ts]ok-s // *ləʔ // *[ts]ok-s // *ləʔ // *[ts]ok-s // *ləʔ,
word-ad-270,OldChinese,,*lˤəʔ,,,,怠,692 1090 1322 1470,dojX // dojX // dojX // dojX,*lˤəʔ // *lˤəʔ // *lˤəʔ // *lˤəʔ,
word-ad-271,OldChinese,,*[k]ˤo[r]ʔ,,,,果,693,kwaX,*[k]ˤo[r]ʔ,
word-ad-272,OldChinese,,*[ŋ](r)ə,,,,疑,695 1048 1051 1326 1566,ngi // ngi // ngi // ngi // ngi,*[ŋ](r)ə // *[ŋ](r)ə // *[ŋ](r)ə // *[ŋ](r)ə // *[ŋ](r)ə,
word-ad-273,OldChinese,,*[tsʰ]i[n],,,,親,696 701 720 755 1127 1559,tshin // tshin // tshin // tshin // tshin // tshin,*[tsʰ]i[n] // *[tsʰ]i[n] // *[tsʰ]i[n] // *[tsʰ]i[n] // *[tsʰ]i[n] // *[tsʰ]i[n],
word-ad-274,OldChinese,,*[dz][u]p,,,,輯,710 854 1551,dzip // dzip // dzip,*[dz][u]p // *[dz][u]p // *[dz][u]p,
word-ad-275,OldChinese,,*ŋ(r)aj-s,,,,義,712 785 815,ngjeH // ngjeH // ngjeH,*ŋ(r)aj-s // *ŋ(r)aj-s // *ŋ(r)aj-s,
word-ad-276,OldChinese,,*[b]ək,,,,服,715,bjuwk,*[b]ək,
word-ad-277,OldChinese,,*dˤar-s ,,,,憚,726,danH,*dˤar-s ,
word-ad-278,OldChinese,,*[r]ˤaw,,,,勞,728,law,*[r]ˤaw,
word-ad-279,OldChinese,,*C.qʷˤar,,,,觀,730,kwan,*C.qʷˤar,
word-ad-280,OldChinese,,*daŋʔ-s,,,,上,731 1547,dzyangH // dzyangH,*daŋʔ-s // *daŋʔ-s,
word-ad-281,OldChinese,,*m-gˤraʔ-s,,,,下,732 1548,haeH // haeH,*m-gˤraʔ-s // *m-gˤraʔ-s,
word-ad-282,OldChinese,,*[dz]eŋ,,,,情,734,dzjeng,*[dz]eŋ,
word-ad-283,OldChinese,, *N-ɢʷ(r)aj-s,,,,偽,735,ngjweH // // // ngjweH, *N-ɢʷ(r)aj-s // *m-ɢʷ(r)aj-s,
word-ad-284,OldChinese,,*pʰi[t],,,,匹夫,736,phjit // bju // // // bju // // // pju,*pʰi[t] //  *ba // *[b]a // *p(r)a,
word-ad-285,OldChinese,,*[C.k]ʷˤraʔ,,,,寡婦,737,kwaeX // bjuwX,*[C.k]ʷˤraʔ // *mə.bəʔ,
word-ad-286,OldChinese,,*[ŋ]rok,,,,獄訟,739,ngjowk // zjowngH,*[ŋ]rok // *s.[ɢ]oŋ-s,
word-ad-287,OldChinese,,*[ts]ok-s,,,,足,748,tsjuH,*[ts]ok-s,
word-ad-288,OldChinese,,*truŋ,,,,中,752 777 1077 1254,trjuwng // trjuwng // trjuwng // trjuwng,*truŋ // *truŋ // *truŋ // *truŋ,
word-ad-289,OldChinese,,*[b]e[n],,,,便,768,bjien,*[b]e[n],
word-ad-290,OldChinese,,*m̥raŋ,,,,兄,773 969,xjwaeng // xjwaeng,*m̥raŋ // *m̥raŋ,
word-ad-291,OldChinese,,*C.qʷi[n],,,,均,775,kjwin,*C.qʷi[n],
word-ad-292,OldChinese,,*[d]uʔ-s,,,,授,807,dzyuwH,*[d]uʔ-s,
word-ad-293,OldChinese,,*tre-s,,,,智,809,trjeH,*tre-s,
word-ad-294,OldChinese,,*laʔ,,,,予,810,yo,*laʔ,
word-ad-295,OldChinese,,*[ts]ˤut,,,,卒,821 846 861 1203,tswit // // // tswot // (tshwot) // tswit // // // tswot // (tshwot) // tswit // // // tswot // (tshwot) // tswit // // // tswot // (tshwot),*[ts]ˤut // *[ts]ut // *[ts]ˤut // *[ts]ut // *[ts]ˤut // *[ts]ut // *[ts]ˤut // *[ts]ut,
word-ad-296,OldChinese,,*s-rut-s,,,,帥,827 876 1293,srwijH // (srwit) // srwijH // (srwit) // srwijH // (srwit),*s-rut-s // *s-rut-s // *s-rut-s,
word-ad-297,OldChinese,,*[d]i[n]-s,,,,慎,843 1369,dzyinH // dzyinH,*[d]i[n]-s // *[d]i[n]-s,
word-ad-298,OldChinese,,*[g]ˤəŋ,,,,恆,849,hong,*[g]ˤəŋ,
word-ad-299,OldChinese,,*ŋ(r)am,,,,嚴,856,ngjaem,*ŋ(r)am,
word-ad-300,OldChinese,,*ʔuj,,,,威,857,jw+j,*ʔuj,
word-ad-301,OldChinese,,*[s.t]ewʔ,,,,少,863 866,syewX // syewX,*[s.t]ewʔ // *[s.t]ewʔ,
word-ad-302,OldChinese,,*C.qʰəp-s,,,,氣,864 870,khj+jH // khj+jH,*C.qʰəp-s // *C.qʰəp-s,
word-ad-303,OldChinese,, *lek,,,,易,868 873,yek // // // yeH // yek // // // yeH, *lek // *lek-s //  *lek // *lek-s,
word-ad-304,OldChinese,,*[tsʰ]ˤret,,,,察,869,tsrheat,*[tsʰ]ˤret,
word-ad-305,OldChinese,,*[d]eŋ-s,,,,盛,871,dzyengH,*[d]eŋ-s,
word-ad-306,OldChinese,,*gron-s,,,,倦,880 881,gjwenH // gjwenH,*gron-s // *gron-s,
word-ad-307,OldChinese,,*mut,,,,勿,889 895,mjut // mjut,*mut // *mut,
word-ad-308,OldChinese,,*[g]ˤe *na,,,,奚如,899,hej // nyo,*[g]ˤe *na,
word-ad-309,OldChinese,,*tijʔ,,,,砥礪,906 910,tsyijX // (tsyeX) // ljejH // tsyijX // (tsyeX) // ljejH,*tijʔ // *[r]at-s // *tijʔ // *[r]at-s,
word-ad-310,OldChinese,,*ŋˤajʔ,,,,我,907 916 923 929 935,ngaX // ngaX // ngaX // ngaX // ngaX,*ŋˤajʔ // *ŋˤajʔ // *ŋˤajʔ // *ŋˤajʔ // *ŋˤajʔ,
word-ad-311,OldChinese,,*kˤi[ŋ],,,,堅,915 919,ken // ken,*kˤi[ŋ] // *kˤi[ŋ],
word-ad-312,OldChinese,,*[m-s-]rəʔ,,,,士,922 1451,dzriX // dzriX,*[m-s-]rəʔ // *[m-s-]rəʔ,
word-ad-313,OldChinese,,*[ts][i][n]-s,,,,進,938 1223 1379,tsinH // tsinH // tsinH,*[ts][i][n]-s // *[ts][i][n]-s // *[ts][i][n]-s,
word-ad-314,OldChinese,,*kəj,,,,機,954 980 991 1016 1024 1046 1061 1096 1229,kj+j // kj+j // kj+j // kj+j // kj+j // kj+j // kj+j // kj+j // kj+j,*kəj // *kəj // *kəj // *kəj // *kəj // *kəj // *kəj // *kəj // *kəj,
word-ad-315,OldChinese,,*pe,,,,卑,967,pjie,*pe,
word-ad-316,OldChinese,,*m-qʰ(r)aʔ,,,,御,974,ngjoX,*m-qʰ(r)aʔ,
word-ad-317,OldChinese,,*[dz][a]m ,,,,潛,988 1013,dzjem // dzjem,*[dz][a]m  // *[dz][a]m ,
word-ad-318,OldChinese,,*s.[k]ˤo[r]ʔ,,,,裹,989 1014,kwaX // kwaX,*s.[k]ˤo[r]ʔ // *s.[k]ˤo[r]ʔ,
word-ad-319,OldChinese,,*m[ə]t-s,,,,未,1001 1004,mj+jH // mj+jH,*m[ə]t-s // *m[ə]t-s,
word-ad-320,OldChinese,,*pa[n]ʔ,,,,阪,1009,pjonX // (baenX),*pa[n]ʔ,
word-ad-321,OldChinese,,*[ts]ˤ[e]j(ʔ)-s,,,,濟,1010,tsejH,*[ts]ˤ[e]j(ʔ)-s,
word-ad-322,OldChinese,,*taŋ(-s),,,,障,1011,tsyang // / // tsyangH,*taŋ(-s),
word-ad-323,OldChinese,,*[k]ʰ(r)ap-s,,,,去,1030,khjoH,*[k]ʰ(r)ap-s,
word-ad-324,OldChinese,,*[s]ˤok,,,,速,1033,suwk,*[s]ˤok,
word-ad-325,OldChinese,,*Cə.pˤrak,,,,迫,1038,paek,*Cə.pˤrak,
word-ad-326,OldChinese,,*kʰˤeʔ / *kʰˤijʔ,,,,啟節,1040,khejX // tset,*kʰˤeʔ / *kʰˤijʔ // *tsˤik,
word-ad-327,OldChinese,,*[dz]i[t],,,,疾,1042,dzit,*[dz]i[t],
word-ad-328,OldChinese,,*N-pˤra[t]-s,,,,敗,1050 1102 1113,baejH // baejH // baejH,*N-pˤra[t]-s // *N-pˤra[t]-s // *N-pˤra[t]-s,
word-ad-329,OldChinese,,*[kʰ]eŋ,,,,輕,1068,khjieng,*[kʰ]eŋ,
word-ad-330,OldChinese,,*s-ni[ŋ]-s,,,,信,1071,sinH,*s-ni[ŋ]-s,
word-ad-331,OldChinese,,*tro,,,,誅,1073 1115,trju // trju,*tro // *tro,
word-ad-332,OldChinese,,*s-kiw,,,,收,1081 1146 1427,syuw // syuw // syuw,*s-kiw // *s-kiw // *s-kiw,
word-ad-333,OldChinese,,*l̥aŋ,,,,傷,1082 1148 1266,syang // syang // syang,*l̥aŋ // *l̥aŋ // *l̥aŋ,
word-ad-334,OldChinese,,*[N]-pruk-s,,,,復,1101 1191 1207 1237 1248 1343 1350 1359 1409 1418 1472,bjuwH // bjuwH // bjuwH // bjuwH // bjuwH // bjuwH // bjuwH // bjuwH // bjuwH // bjuwH // bjuwH,*[N]-pruk-s // *[N]-pruk-s // *[N]-pruk-s // *[N]-pruk-s // *[N]-pruk-s // *[N]-pruk-s // *[N]-pruk-s // *[N]-pruk-s // *[N]-pruk-s // *[N]-pruk-s // *[N]-pruk-s,
word-ad-335,OldChinese,,*pˤrak,,,,百姓,1120,paek // sjengH,*pˤrak // *seŋ-s,
word-ad-336,OldChinese,,*C.qˤəʔ,,,,改,1122 1334 1469,kojX // kojX // kojX,*C.qˤəʔ // *C.qˤəʔ // *C.qˤəʔ,
word-ad-337,OldChinese,,*kʷˤaj-s,,,,過,1131 1174 1346 1381,kwaH // kwaH // kwaH // kwaH,*kʷˤaj-s // *kʷˤaj-s // *kʷˤaj-s // *kʷˤaj-s,
word-ad-338,OldChinese,,*lrot,,,,悅,1133,ywet,*lrot,
word-ad-339,OldChinese,,*C.ma[n]-s,,,,萬,1135 1400,mjonH // mjonH,*C.ma[n]-s // *C.ma[n]-s,
word-ad-340,OldChinese,,dˤaʔ,,,,杜,1138,duX,dˤaʔ,
word-ad-341,OldChinese,,*[g](r)ojʔ,,,,跪,1139,gjweX // (khjweX),*[g](r)ojʔ,
word-ad-342,OldChinese,,*[qʷʰ]ˤəjʔ,,,,火,1142,xwaX,*[qʷʰ]ˤəjʔ,
word-ad-343,OldChinese,,*sreŋ,,,,生,1157 1446,sraeng // sraeng,*sreŋ // *sreŋ,
word-ad-344,OldChinese,,*m-tsʰoʔ-s,,,,聚,1161 1429,dzjuH // dzjuH,*m-tsʰoʔ-s // *m-tsʰoʔ-s,
word-ad-345,OldChinese,,*mr[o][r]ʔ,,,,勉,1172,mjenX,*mr[o][r]ʔ,
word-ad-346,OldChinese,,*[dz]ˤəʔ,,,,在,1176 1178,dzojX // (tsojH) // dzojX // (tsojH),*[dz]ˤəʔ // *[dz]ˤəʔ,
word-ad-347,OldChinese,,*Cə.lu[n]-s,,,,順,1184,zywinH,*Cə.lu[n]-s,
word-ad-348,OldChinese,,*Cə.panʔ,,,,返,1188,pjonX,*Cə.panʔ,
word-ad-349,OldChinese,,*[d]ewʔ,,,,詔,1194,tsyewX,*[d]ewʔ,
word-ad-350,OldChinese,,*kuj-s,,,,貴人,1197 1212,kjw+jH // nyin // kjw+jH // nyin,*kuj-s // *ni[ŋ] // *kuj-s // *ni[ŋ],
word-ad-351,OldChinese,,*[m-k-]rəp,,,,及,1198 1327,gip // gip,*[m-k-]rəp // *[m-k-]rəp,
word-ad-352,OldChinese,,*[k](r)aj *[m-s-]rəʔ,,,,奇士,1201,kje // dzriX,*[k](r)aj *[m-s-]rəʔ,
word-ad-353,OldChinese,,*nˤənʔ,,,,撚 ,1204,nenX,*nˤənʔ,
word-ad-354,OldChinese,,*[d]aŋ,,,,常,1209,dzyang,*[d]aŋ,
word-ad-355,OldChinese,,*t.qʰaʔ,,,,處,1214,tsyhoX,*t.qʰaʔ,
word-ad-356,OldChinese,,*mˤak,,,,莫,1230,mak,*mˤak,
word-ad-357,OldChinese,,*tˤaŋ-s,,,,當,1232,tangH,*tˤaŋ-s,
word-ad-358,OldChinese,,*pˤan,,,,班,1238 1268 1351,paen // paen // paen,*pˤan // *pˤan // *pˤan,
word-ad-359,OldChinese,,*Cə.[g]ˤaw-s,,,,號,1250,hawH,*Cə.[g]ˤaw-s,
word-ad-360,OldChinese,,*riŋ,,,,令,1251,leng // // // ljeng // // // ljengH // (ljen),*riŋ // *riŋ-s // *[r]ˤiŋ,
word-ad-361,OldChinese,,*mraŋ,,,,明日,1260 1279 1342,mjaeng // nyit // mjaeng // nyit // mjaeng // nyit,*mraŋ // *C.nik // *mraŋ // *C.nik // *mraŋ // *C.nik,
word-ad-362,OldChinese,,*[tsʰ]rək,,,,測,1263,tsrhik,*[tsʰ]rək,
word-ad-363,OldChinese,,*[d]ˤak,,,,度,1265,dak,*[d]ˤak,
word-ad-364,OldChinese,,*lˤep,,,,諜,1286,dep,*lˤep,
word-ad-365,OldChinese,,*mə.rˤək,,,,來,1288,loj,*mə.rˤək,
word-ad-366,OldChinese,,*kˤuk,,,,告,1289,kowk,*kˤuk,
word-ad-367,OldChinese,,*[r][a][n]ʔ,,,,輦,1297,ljenX,*[r][a][n]ʔ,
word-ad-368,OldChinese,,*[ts]ˤə,,,,災,1299,tsoj,*[ts]ˤə,
word-ad-369,OldChinese,,*Nə.tsˤuʔ,,,,早,1302 1307,tsawX // tsawX,*Nə.tsˤuʔ // *Nə.tsˤuʔ,
word-ad-370,OldChinese,,*bˤrak,,,,白徒,1306,baek // du,*bˤrak // *[d]ˤa,
word-ad-371,OldChinese,,*koŋ,,,,供,1309,kjowng,*koŋ,
word-ad-372,OldChinese,,*kˤak,,,,各,1311 1648,kak // kak,*kˤak // *kˤak,
word-ad-373,OldChinese,, *[ts]ˤə[ʔ]-s,,,,載,1312,tsojH, *[ts]ˤə[ʔ]-s // *[ts]ˤəʔ-s,
word-ad-374,OldChinese,,*[ts]ˤaŋ,,,,贓,1314,tsang,*[ts]ˤaŋ,
word-ad-375,OldChinese,,*pʰ(r)a,,,,敷,1318,phju,*pʰ(r)a,
word-ad-376,OldChinese,,*[k]ʷrə,,,,龜,1329,kwij,*[k]ʷrə,
word-ad-377,OldChinese,,*[d][e][t]-s,,,,筮,1330,dzyejH,*[d][e][t]-s,
word-ad-378,OldChinese,,*[d]ˤiw,,,,調,1335,dew // (trjuw),*[d]ˤiw,
word-ad-379,OldChinese,,*[k]ˤaʔ,,,,鼓,1337,kuX,*[k]ˤaʔ,
word-ad-380,OldChinese,,*lrit ,,,,屏,1339,yit,*lrit ,
word-ad-381,OldChinese,,*C.rˤaʔ,,,,虜,1341,luX,*C.rˤaʔ,
word-ad-382,OldChinese,,*[k]ˤ[a]m,,,,甘,1360 1410,kam // kam,*[k]ˤ[a]m // *[k]ˤ[a]m,
word-ad-383,OldChinese,,*nak,,,,若,1372,nyak // // // nyak,*nak,
word-ad-384,OldChinese,,*mˤuk-s,,,,冒,1377,mawH // (mok),*mˤuk-s,
word-ad-385,OldChinese,,*mə.kijʔ,,,,指,1386,tsyijX,*mə.kijʔ,
word-ad-386,OldChinese,,*səʔ,,,,葸,1387 1464,siX // siX,*səʔ // *səʔ,
word-ad-387,OldChinese,,*C.qʷʰar-s,,,,勸,1389,khjwonH,*C.qʷʰar-s,
word-ad-388,OldChinese,,*tək-s,,,,志,1391 1458 1563,tsyiH // tsyiH // tsyiH,*tək-s // *tək-s // *tək-s,
word-ad-389,OldChinese,,*loŋʔ,,,,甬,1392,yowngX,*loŋʔ,
word-ad-390,OldChinese,,*qʰ(r)əʔ,,,,喜,1394 1463,xiX // (xiH) // xiX // (xiH),*qʰ(r)əʔ // *qʰ(r)əʔ,
word-ad-391,OldChinese,,*m̥ˤaŋʔ,,,,慌,1396,xwangX,*m̥ˤaŋʔ,
word-ad-392,OldChinese,,*m̥ˤəʔ,,,,悔,1398 1467,xwojX // xwojX,*m̥ˤəʔ // *m̥ˤəʔ,
word-ad-393,OldChinese,,*[g](r)[o]m,,,,黔,1402,gjem,*[g](r)[o]m,
word-ad-394,OldChinese,,*l̥uʔ-s,,,,首,1403,syuwH,*l̥uʔ-s,
word-ad-395,OldChinese,,*kʰˤaʔ,,,,苦,1419 1473,khuX // (khuH) // khuX // (khuH),*kʰˤaʔ // *kʰˤaʔ,
word-ad-396,OldChinese,,*s-tʰok,,,,束,1431,syowk,*s-tʰok,
word-ad-397,OldChinese,,*Cə.[g]ˤ(r)oʔ,,,,厚,1433,huwX,*Cə.[g]ˤ(r)oʔ,
word-ad-398,OldChinese,,*[b]ˤak,,,,薄,1437,bak,*[b]ˤak,
word-ad-399,OldChinese,,*maŋ,,,,忘,1440,mjang,*maŋ,
word-ad-400,OldChinese,,*[r]aŋ,,,,良,1448 1450,ljang // ljang,*[r]aŋ // *[r]aŋ,
word-ad-401,OldChinese,,*ɢʷaŋʔ,,,,往,1452 1589,hjwangX // hjwangX,*ɢʷaŋʔ // *ɢʷaŋʔ,
word-ad-402,OldChinese,, *C.nəʔ,,,,耳,1455,nyiX, *C.nəʔ // *nəʔ,
word-ad-403,OldChinese,,*C.qʰ(r)əʔ,,,,起,1459 1562 1644,khiX // khiX // khiX,*C.qʰ(r)əʔ // *C.qʰ(r)əʔ // *C.qʰ(r)əʔ,
word-ad-404,OldChinese,,*loŋʔ,,,,勇,1460,yowngX,*loŋʔ,
word-ad-405,OldChinese,,*[n]a[n],,,,然後,1468,nyen // huwX,*[n]a[n] // *[ɢ]ˤ(r)oʔ,
word-ad-406,OldChinese,,*kˤoŋ,,,,攻,1481 1506 1513,kuwng // kuwng // kuwng,*kˤoŋ // *kˤoŋ // *kˤoŋ,
word-ad-407,OldChinese,,*pˤuʔ,,,,寶,1488,xwaH,*pˤuʔ,
word-ad-408,OldChinese,,*[ts]raʔ,,,,阻,1494,tsrjoX // (tsrjoH),*[ts]raʔ,
word-ad-409,OldChinese,,*loŋ-s,,,,用,1498,yowngH,*loŋ-s,
word-ad-410,OldChinese,,*kˤrij,,,,諧,1500,keaj,*kˤrij,
word-ad-411,OldChinese,,*kˤra,,,,家,1502,kae,*kˤra,
word-ad-412,OldChinese,,*ʔ(r)u,,,,忧,1504,juw,*ʔ(r)u,
word-ad-413,OldChinese,,*m-kˤa[r]-s,,,,捍,1545,hanH,*m-kˤa[r]-s,
word-ad-414,OldChinese,,*[k]ʷˤre-s,,,,絓,1552,kweaH,*[k]ʷˤre-s,
word-ad-415,OldChinese,,*[C.q]ʷˤək,,,,國,1556 1558,kwok // kwok,*[C.q]ʷˤək // *[C.q]ʷˤək,
word-ad-416,OldChinese,,*ta,,,,諸侯,1564,tsyo // (tsyae) // huw,*ta // *[g]ˤ(r)o,
word-ad-417,OldChinese,,*[C.k]ʷˤraʔ,,,,寡,1565,kwaeX,*[C.k]ʷˤraʔ,
word-ad-418,OldChinese,,*qʷʰˤar,,,,歡,1582,xwan,*qʷʰˤar,
word-ad-419,OldChinese,,*l̥ˤaj,,,,詑,1597,da,*l̥ˤaj,
word-ad-420,OldChinese,,*k-ʔujʔ,,,,鬼,1599,kjw+jX,*k-ʔujʔ,
word-ad-421,OldChinese,,*Cə.li[n],,,,神,1600 1601,zyin // zyin,*Cə.li[n] // *Cə.li[n],
word-ad-422,OldChinese,,*pəj,,,,非,1603,pj+j,*pəj,
word-ad-423,OldChinese,,*ɢʷij,,,,唯,1608 1695,ywij // (ywijX) // ywij // (ywijX),*ɢʷij // *ɢʷij,
word-ad-424,OldChinese,,*ɢʷaŋ-s,,,,王,1614,hjwangH,*ɢʷaŋ-s,
word-ad-425,OldChinese,,*ti[t]-s,,,,至,1615,tsyijH,*ti[t]-s,
word-ad-426,OldChinese,,*mˤat,,,,沫,1619,mat,*mˤat,
word-ad-427,OldChinese,,*[ɢ]ʷˤək,,,,或者,1625,hwok // tsyaeX,*[ɢ]ʷˤək // *tAʔ,
word-ad-428,OldChinese,,*kˤaʔ,,,,古,1658 1669 1674 1708,kuX // kuX // kuX // kuX,*kˤaʔ // *kˤaʔ // *kˤaʔ // *kˤaʔ,
word-ad-429,OldChinese,,*[k]ˤamʔ,,,,敢,1667 1703,kamX // kamX,*[k]ˤamʔ // *[k]ˤamʔ,
word-ad-430,OldChinese,,*koŋ,,,,恭,1681,kjowng,*koŋ,
word-ad-431,OldChinese,,*[g]r[a]mʔ,,,,儉,1682,gjemX,*[g]r[a]mʔ,
word-ad-432,OldChinese,,*kraw,,,,驕,1687,kjew,*kraw,
word-ad-433,OldChinese,,*l̥ˤa[t]-s,,,,泰,1688,thajH,*l̥ˤa[t]-s,
word-ad-434,OldChinese,,*[ɢ]ʷ(r)aʔ,,,,禹,1698,hjuX,*[ɢ]ʷ(r)aʔ,
word-ad-435,OldChinese,, *l̥ˤaŋ,,,,湯,1699,thang, *l̥ˤaŋ // *r̥ˤaŋ,
word-ad-436,OldChinese,, *m-[k]at,,,,桀,1700,gjet, *m-[k]at // *N-[k]at,
word-ad-437,OldChinese,,*[d]ruʔ,,,,紂,1701,drjuwX,*[d]ruʔ,
